,date_in_ms,price
0,1367107200000,135.3
1,1367193600000,141.96
2,1367280000000,135.3
3,1367366400000,117.0
4,1367452800000,103.43
5,1367539200000,91.01
6,1367625600000,111.25
7,1367712000000,116.79
8,1367798400000,118.33
9,1367884800000,106.4
10,1367971200000,112.64
11,1368057600000,113.0
12,1368144000000,118.78
13,1368230400000,113.01
14,1368316800000,114.713
15,1368403200000,117.18
16,1368489600000,114.5
17,1368576000000,114.156
18,1368662400000,115.5
19,1368748800000,123.1
20,1368835200000,123.88
21,1368921600000,120.501
22,1369008000000,122.58
23,1369094400000,122.9
24,1369180800000,123.0
25,1369267200000,125.748
26,1369353600000,131.7
27,1369440000000,130.77
28,1369526400000,134.6
29,1369612800000,128.985
30,1369699200000,129.179
31,1369785600000,132.13
32,1369872000000,127.401
33,1369958400000,127.98
34,1370044800000,129.09
35,1370131200000,121.3
36,1370217600000,121.16
37,1370390400000,121.309
38,1370476800000,121.714
39,1370563200000,119.0
40,1370649600000,110.09
41,1370736000000,108.401
42,1370822400000,997.497
43,1370908800000,105.99
44,1370995200000,108.9
45,1371081600000,108.4
46,1371168000000,102.769
47,1371254400000,98.399
48,1371340800000,99.99
49,1371427200000,100.42
50,1371513600000,102.0
51,1371600000000,106.55
52,1371686400000,107.9
53,1371772800000,110.91
54,1371859200000,109.015
55,1371945600000,107.25
56,1372032000000,108.0
57,1372118400000,102.443
58,1372204800000,103.691
59,1372291200000,103.39
60,1372377600000,99.66
61,1372464000000,933.311
62,1372550400000,953.886
63,1372636800000,97.504
64,1372723200000,89.489
65,1372809600000,90.797
66,1372896000000,78.8
67,1372982400000,78.48
68,1373068800000,67.809
69,1373155200000,680.831
70,1373241600000,77.502
71,1373328000000,763.915
72,1373414400000,77.0
73,1373500800000,85.75
74,1373587200000,93.804
75,1373673600000,880.622
76,1373760000000,95.58
77,1373846400000,94.0
78,1373932800000,97.301
79,1374019200000,989.796
80,1374105600000,97.8
81,1374192000000,887.869
82,1374278400000,91.572
83,1374364800000,89.28
84,1374451200000,903.672
85,1374537600000,917.024
86,1374624000000,945.806
87,1374710400000,94.525
88,1374796800000,969.499
89,1374883200000,94.13
90,1374969600000,94.005
91,1375056000000,985.759
92,1375142400000,101.5
93,1375228800000,110.34
94,1375315200000,106.23
95,1375401600000,101.61
96,1375488000000,103.7
97,1375574400000,104.86
98,1375660800000,106.56
99,1375747200000,105.841
100,1375833600000,106.75
101,1375920000000,101.672
102,1376006400000,103.4
103,1376092800000,102.71
104,1376179200000,103.77
105,1376265600000,105.18
106,1376352000000,106.068
107,1376438400000,111.621
108,1376524800000,111.87
109,1376611200000,109.867
110,1376697600000,112.74
111,1376784000000,114.4
112,1376870400000,118.782
113,1376956800000,120.5
114,1377043200000,121.51
115,1377129600000,122.499
116,1377216000000,120.0
117,1377302400000,120.44
118,1377388800000,122.0
119,1377475200000,122.04
120,1377561600000,125.67
121,1377648000000,123.02
122,1377734400000,123.44
123,1377820800000,129.2
124,1377907200000,137.76
125,1377993600000,138.17
126,1378080000000,137.17
127,1378166400000,137.51
128,1378252800000,135.21
129,1378339200000,129.96
130,1378425600000,126.13
131,1378512000000,123.73
132,1378598400000,121.77
133,1378684800000,126.4
134,1378771200000,127.78
135,1378857600000,131.65
136,1378944000000,134.22
137,1379030400000,135.05
138,1379116800000,131.39
139,1379203200000,129.95
140,1379289600000,131.48
141,1379376000000,131.31
142,1379462400000,132.06
143,1379548800000,130.23
144,1379635200000,128.57
145,1379721600000,126.78
146,1379808000000,128.37
147,1379894400000,126.73
148,1379980800000,126.09
149,1380067200000,127.99
150,1380153600000,128.02
151,1380240000000,131.84
152,1380326400000,133.93
153,1380412800000,140.28
154,1380499200000,131.65
155,1380585600000,132.55
156,1380672000000,132.04
157,1380758400000,123.07
158,1380844800000,128.26
159,1380931200000,129.57
160,1381017600000,127.56
161,1381104000000,128.38
162,1381190400000,125.72
163,1381276800000,130.9
164,1381363200000,129.68
165,1381449600000,130.27
166,1381536000000,135.35
167,1381622400000,135.48
168,1381708800000,140.48
169,1381795200000,143.89
170,1381881600000,143.61
171,1381968000000,146.15
172,1382054400000,151.34
173,1382140800000,170.51
174,1382227200000,172.01
175,1382313600000,181.41
176,1382400000000,193.45
177,1382486400000,206.78
178,1382572800000,198.8
179,1382659200000,172.48
180,1382745600000,178.96
181,1382832000000,189.83
182,1382918400000,198.55
183,1383004800000,204.39
184,1383091200000,204.2
185,1383177600000,203.88
186,1383264000000,205.26
187,1383350400000,206.89
188,1383436800000,212.45
189,1383523200000,226.28
190,1383609600000,230.63
191,1383696000000,260.85
192,1383782400000,295.63
193,1383868800000,332.02
194,1383955200000,358.0
195,1384041600000,313.0
196,1384128000000,340.55
197,1384214400000,355.48
198,1384300800000,404.17
199,1384387200000,408.84
200,1384473600000,424.16
201,1384560000000,437.41
202,1384646400000,488.36
203,1384732800000,580.87
204,1384819200000,614.4
205,1384905600000,565.34
206,1384992000000,675.06
207,1385078400000,731.15
208,1385164800000,819.31
209,1385251200000,764.43
210,1385337600000,793.07
211,1385424000000,832.93
212,1385510400000,914.13
213,1385596800000,979.08
214,1385683200000,1101.83
215,1385769600000,1127.45
216,1385856000000,1033.39
217,1385942400000,974.03
218,1386028800000,1078.64
219,1386115200000,1121.48
220,1386201600000,989.04
221,1386288000000,1019.66
222,1386374400000,811.98
223,1386460800000,743.11
224,1386547200000,897.89
225,1386633600000,927.78
226,1386720000000,887.08
227,1386806400000,878.17
228,1386892800000,897.27
229,1386979200000,866.99
230,1387065600000,854.62
231,1387152000000,789.15
232,1387238400000,691.65
233,1387324800000,559.36
234,1387411200000,677.84
235,1387497600000,694.25
236,1387584000000,596.12
237,1387670400000,650.27
238,1387756800000,645.75
239,1387843200000,659.94
240,1387929600000,668.74
241,1388016000000,734.59
242,1388102400000,734.27
243,1388188800000,738.81
244,1388275200000,726.47
245,1388361600000,760.52
246,1388448000000,755.16
247,1388534400000,767.74
248,1388620800000,772.53
249,1388707200000,825.47
250,1388793600000,849.14
251,1388880000000,919.41
252,1388966400000,936.38
253,1389052800000,826.5
254,1389139200000,838.32
255,1389225600000,853.29
256,1389312000000,863.3
257,1389398400000,905.72
258,1389484800000,867.45
259,1389571200000,840.96
260,1389657600000,838.05
261,1389744000000,860.44
262,1389830400000,837.98
263,1389916800000,812.9
264,1390003200000,840.0
265,1390089600000,838.17
266,1390176000000,869.15
267,1390262400000,869.57
268,1390348800000,865.03
269,1390435200000,846.97
270,1390521600000,808.32
271,1390608000000,804.39
272,1390694400000,853.51
273,1390780800000,891.86
274,1390867200000,777.0
275,1390953600000,816.85
276,1391040000000,817.17
277,1391126400000,817.93
278,1391212800000,832.52
279,1391299200000,836.41
280,1391385600000,813.38
281,1391472000000,832.36
282,1391558400000,830.92
283,1391644800000,805.08
284,1391731200000,721.32
285,1391817600000,701.61
286,1391904000000,672.07
287,1391990400000,689.65
288,1392076800000,697.76
289,1392163200000,655.26
290,1392249600000,651.91
291,1392336000000,623.57
292,1392422400000,644.1
293,1392508800000,613.85
294,1392595200000,645.14
295,1392681600000,625.01
296,1392768000000,620.99
297,1392854400000,593.89
298,1392940800000,582.75
299,1393027200000,571.06
300,1393113600000,622.97
301,1393200000000,572.39
302,1393286400000,489.31
303,1393372800000,567.25
304,1393459200000,586.28
305,1393545600000,567.2
306,1393632000000,560.11
307,1393718400000,561.35
308,1393804800000,585.79
309,1393891200000,675.0
310,1393977600000,658.24
311,1394064000000,654.55
312,1394150400000,617.62
313,1394236800000,610.37
314,1394323200000,636.17
315,1394409600000,621.17
316,1394496000000,624.23
317,1394582400000,638.07
318,1394668800000,639.03
319,1394755200000,629.67
320,1394841600000,638.07
321,1394928000000,629.55
322,1395014400000,623.705
323,1395100800000,612.622
324,1395187200000,610.636
325,1395273600000,592.07
326,1395360000000,582.303
327,1395446400000,561.22
328,1395532800000,567.779
329,1395619200000,571.418
330,1395705600000,582.55
331,1395792000000,584.442
332,1395878400000,567.64
333,1395964800000,503.661
334,1396051200000,502.302
335,1396137600000,469.938
336,1396224000000,457.399
337,1396310400000,4.787.163
338,1396396800000,437.515
339,1396483200000,4.470.822
340,1396569600000,4.488.792
341,1396656000000,4.648.259
342,1396742400000,4.607.028
343,1396828800000,457.792
344,1396915200000,4.504.638
345,1397001600000,4.401.983
346,1397088000000,3.608.407
347,1397174400000,4.200.563
348,1397260800000,420.66
349,1397347200000,4.149.495
350,1397433600000,4.576.338
351,1397520000000,5.201.233
352,1397606400000,5.291.625
353,1397692800000,494.4
354,1397779200000,4.782.312
355,1397865600000,5.015.515
356,1397952000000,4.973.177
357,1398038400000,4.926.733
358,1398124800000,4.848.533
359,1398211200000,487.525
360,1398297600000,4.942.733
361,1398384000000,4.588.067
362,1398470400000,453.8
363,1398556800000,4.379.216
364,1398643200000,436.92
365,1398729600000,443.27
366,1398816000000,4.449.968
367,1398902400000,4.550.913
368,1398988800000,4.434.734
369,1399075200000,4.340.333
370,1399161600000,4.339.432
371,1399248000000,4.290.761
372,1399334400000,4.267.634
373,1399420800000,439.3
374,1399507200000,4.373.633
375,1399593600000,4.474.933
376,1399680000000,452.505
377,1399766400000,4.362.833
378,1399852800000,439.19
379,1399939200000,437.305
380,1400025600000,4.442.467
381,1400112000000,444.25
382,1400198400000,445.165
383,1400284800000,4.458.533
384,1400371200000,4.442.133
385,1400457600000,443.87
386,1400544000000,4.834.167
387,1400630400000,4.887.717
388,1400716800000,5.226.083
389,1400803200000,524.475
390,1400889600000,5.231.083
391,1400976000000,5.693.767
392,1401062400000,5.796.217
393,1401148800000,569.475
394,1401235200000,5.715.533
395,1401321600000,565.26
396,1401408000000,6.211.467
397,1401494400000,620.5
398,1401580800000,6.401.617
399,1401667200000,656.41
400,1401753600000,6.673.683
401,1401840000000,6.411.833
402,1401926400000,658.1
403,1402012800000,648.63
404,1402099200000,6.517.083
405,1402185600000,6.498.983
406,1402272000000,643.905
407,1402358400000,6.490.567
408,1402444800000,6.300.367
409,1402531200000,567.175
410,1402617600000,5.946.833
411,1402704000000,5.700.033
412,1402790400000,583.41
413,1402876800000,592.52
414,1402963200000,6.071.583
415,1403049600000,604.19
416,1403136000000,5.933.883.000.000.000
417,1403222400000,590.055
418,1403308800000,5.912.567
419,1403395200000,5.950.367
420,1403481600000,5.861.482.999.999.990
421,1403568000000,5.824.149.999.999.990
422,1403654400000,5.614.716.999.999.990
423,1403740800000,5.795.867
424,1403827200000,5.982.367
425,1403913600000,5.948.717.000.000.000
426,1404000000000,5.984.883
427,1404086400000,6.377.549.999.999.990
428,1404172800000,6.439.350.000.000.000
429,1404259200000,6.481.075.000.000.000
430,1404345600000,6.402.838.000.000.000
431,1404432000000,6.271.288
432,1404518400000,6.275.812.999.999.990
433,1404604800000,6.310.025
434,1404691200000,6.194.950.000.000.000
435,1404777600000,6.200.474.999.999.990
436,1404864000000,620.16
437,1404950400000,6.151.275.000.000.000
438,1405036800000,6.308.350.000.000.000
439,1405123200000,6.336.389.951.679.740
440,1405209600000,6.274.623.228.193.350
441,1405296000000,6.182.050.265.064.780
442,1405382400000,6.189.524.999.999.990
443,1405468800000,6.141.474.999.999.990
444,1405555200000,6.228.950.000.000.000
445,1405641600000,6.270.188.000.000.000
446,1405728000000,6.261.763.000.000.000
447,1405814400000,6.205.138
448,1405900800000,6.199.088.000.000.000
449,1405987200000,6.190.062.999.999.990
450,1406073600000,6.179.425.000.000.000
451,1406160000000,5.998.088
452,1406246400000,6.000.963.000.000.000
453,1406332800000,5.937.750.000.000.000
454,1406419200000,5.903.788
455,1406505600000,5.852.787.999.999.990
456,1406592000000,5.817.138
457,1406678400000,5.607.912.999.999.990
458,1406764800000,5.831.821.057.431.890
459,1406851200000,5.938.655.273.953.660
460,1406937600000,5.882.306.991.611.410
461,1407024000000,5.855.731.940.766.990
462,1407110400000,5.863.686.859.113.960
463,1407196800000,5.824.186.267.649.760
464,1407283200000,5.833.249.999.999.990
465,1407369600000,5.872.031.590.188.050
466,1407456000000,5.909.072.702.245.190
467,1407542400000,5.881.078.559.835.750
468,1407628800000,5.885.004.825.541.750
469,1407715200000,5.734.063
470,1407801600000,5.674.023.482.208.200
471,1407888000000,5.436.674.999.999.990
472,1407974400000,5.037.087.999.999.990
473,1408060800000,4.922.844.982.828.290
474,1408147200000,5.210.463.000.000.000
475,1408233600000,4.947.813
476,1408320000000,4.598.863.000.000.000
477,1408406400000,4.841.549.999.999.990
478,1408492800000,5.141.863.000.000.000
479,1408579200000,515.605
480,1408665600000,5.158.263.000.000.000
481,1408752000000,4.965.688.000.000.000
482,1408838400000,5.081.138
483,1408924800000,5.003.863
484,1409011200000,5.106.387.999.999.990
485,1409097600000,5.104.463
486,1409184000000,5.069.150.000.000.000
487,1409270400000,5.080.963
488,1409356800000,5.015.300.000.000.000
489,1409443200000,4.800.262.999.999.990
490,1409529600000,4.758.200.000.000.000
491,1409616000000,4.746.938
492,1409702400000,4.747.263.000.000.000
493,1409788800000,4.895.475.000.000.000
494,1409875200000,4.802.425.000.000.000
495,1409961600000,4.823.588
496,1410048000000,4.806.025
497,1410134400000,4.711.250.000.000.000
498,1410220800000,4.717.538
499,1410307200000,4.771.138
500,1410393600000,4.763.775.000.000.000
501,1410480000000,4.736.874.999.999.990
502,1410566400000,4.760.013
503,1410652800000,474.795
504,1410739200000,4.730.313
505,1410825600000,4.625.925
506,1410912000000,4.546.238.000.000.000
507,1410998400000,423.565
508,1411084800000,3.932.624.999.999.990
509,1411171200000,4.085.025
510,1411257600000,396.62
511,1411344000000,3.983.113.000.000.000
512,1411430400000,4.337.512.999.999.990
513,1411516800000,420.92
514,1411603200000,4.079.775
515,1411689600000,402.88
516,1411776000000,3.980.074.999.999.990
517,1411862400000,3.759.887.999.999.990
518,1411948800000,3.730.888
519,1412035200000,3.873.512.999.999.990
520,1412121600000,3.808.949.999.999.990
521,1412208000000,3.718.413
522,1412294400000,3.561.899.999.999.990
523,1412380800000,3.278.813
524,1412467200000,3.251.099.999.999.990
525,1412553600000,328.73
526,1412640000000,3.317.238
527,1412726400000,3.533.901.000.000.000
528,1412812800000,358.395
529,1412899200000,3.575.549.999.999.990
530,1412985600000,359.515
531,1413072000000,3.741.675.000.000.000
532,1413158400000,3.870.387.999.999.990
533,1413244800000,3.982.888
534,1413331200000,3.921.900.000.000.000
535,1413417600000,3.793.912.999.999.990
536,1413504000000,3.802.925
537,1413590400000,3.891.163
538,1413676800000,386.945
539,1413763200000,3.797.699.999.999.990
540,1413849600000,3.824.137.999.999.990
541,1413936000000,3.794.425.000.000.000
542,1414022400000,3.562.000.000.000.000
543,1414108800000,3.543.175.000.000.000
544,1414195200000,3.470.304.940.564.090
545,1414281600000,3.501.888.000.000.000
546,1414368000000,348.29
547,1414454400000,3.515.638.000.000.000
548,1414540800000,3.331.474.999.999.990
549,1414627200000,3.436.674.999.999.990
550,1414713600000,3.365.879.758.057.800
551,1414800000000,3.239.763
552,1414886400000,3.239.849.999.999.990
553,1414972800000,323.995
554,1415059200000,3.280.083
555,1415145600000,3.375.933
556,1415232000000,3.478.183
557,1415318400000,3.412.317
558,1415404800000,3.441.783
559,1415491200000,3.634.241.291.015.930
560,1415577600000,3.637.649.999.999.990
561,1415664000000,366.15
562,1415750400000,4.185.783
563,1415836800000,4.147.083
564,1415923200000,395.245
565,1416009600000,3.773.267
566,1416096000000,3.876.233
567,1416182400000,384.9
568,1416268800000,3.748.683
569,1416355200000,3.767.883
570,1416441600000,3.553.888.345.541.610
571,1416528000000,3.493.882.854.323.940
572,1416614400000,3.515.500.000.000.000
573,1416700800000,3.667.817
574,1416787200000,3.777.417
575,1416873600000,375.248
576,1416960000000,3.657.660.000.000.000
577,1417046400000,368.448
578,1417132800000,376.951
579,1417219200000,3.749.649.999.999.990
580,1417305600000,376.472
581,1417392000000,379.489
582,1417478400000,3.813.768.000.000.000
583,1417564800000,374.103
584,1417651200000,3.682.282.000.000.000
585,1417737600000,376.379
586,1417824000000,373.671
587,1417910400000,374.448
588,1417996800000,361.433
589,1418083200000,3.509.280.000.000.000
590,1418169600000,3.469.798.718.363.180
591,1418256000000,3.469.089.999.999.990
592,1418342400000,351.502
593,1418428800000,347.484
594,1418515200000,350.133
595,1418601600000,344.615
596,1418688000000,3.285.340.000.000.000
597,1418774400000,318.828
598,1418860800000,309.765
599,1418947200000,317.54
600,1419033600000,3.287.740.000.000.000
601,1419120000000,319.501
602,1419206400000,329.886
603,1419292800000,333.97
604,1419379200000,322.194
605,1419465600000,318.166
606,1419552000000,3.277.169.708.710.150
607,1419638400000,314.568
608,1419724800000,316.491
609,1419811200000,3.126.329.999.999.990
610,1419897600000,310.079
611,1419984000000,317.379
612,1420070400000,3.139.920.000.000.000
613,1420156800000,314.446
614,1420243200000,286.572
615,1420329600000,260.936
616,1420416000000,273.22
617,1420502400000,2.853.738.000.000.000
618,1420588800000,2.958.725
619,1420675200000,2.844.525
620,1420761600000,2.895.738.000.000.000
621,1420848000000,274.533
622,1420934400000,267.184
623,1421020800000,268.353.667.700.943
624,1421107200000,221.436
625,1421193600000,1.721.479
626,1421280000000,2.105.559
627,1421366400000,205.816
628,1421452800000,1.994.914
629,1421539200000,2.089.892
630,1421625600000,214.545
631,1421712000000,2.105.137
632,1421798400000,2.240.451
633,1421884800000,2.320.423.000.000.000
634,1421971200000,232.898
635,1422057600000,248.096
636,1422144000000,2.538.388.999.999.990
637,1422230400000,2.712.882.000.000.000
638,1422316800000,2.592.356
639,1422489600000,2.325.329.422.304.940
640,1422576000000,2.286.354
641,1422662400000,2.180.233
642,1422748800000,2.262.697
643,1422835200000,2.400.193
644,1422921600000,2.260.119
645,1423008000000,2.253.083
646,1423094400000,2.169.136
647,1423180800000,2.224.872
648,1423267200000,2.272.050.999.999.990
649,1423353600000,2.229.061
650,1423440000000,2.200.922
651,1423526400000,2.206.493
652,1423612800000,2.190.956
653,1423699200000,2.220.401.587.875.250
654,1423785600000,2.356.774
655,1423872000000,2.590.086.000.000.000
656,1423958400000,2.329.962
657,1424044800000,2.359.199
658,1424131200000,2.424.568
659,1424217600000,2.346.238
660,1424304000000,2.402.988
661,1424390400000,2.440.821
662,1424476800000,2.441.459
663,1424563200000,2.355.529.999.999.990
664,1424649600000,2.381.319
665,1424736000000,2.387.314
666,1424822400000,237.378
667,1424908800000,2.361.711.557.723.400
668,1424995200000,2.538.991
669,1425081600000,2.535.991
670,1425168000000,2.577.075
671,1425254400000,2.699.614.999.999.990
672,1425340800000,2.806.241.999.999.990
673,1425427200000,2.730.192.999.999.990
674,1425513600000,2.748.255
675,1425600000000,2.723.412.999.999.990
676,1425686400000,2.755.846.387.340.830
677,1425772800000,274.578
678,1425859200000,2.892.957.000.000.000
679,1425945600000,2.903.057
680,1426032000000,295.961
681,1426118400000,2.939.203
682,1426204800000,2.880.364.999.999.990
683,1426291200000,2.814.887
684,1426377600000,2.852.645
685,1426464000000,2.900.955.000.000.000
686,1426550400000,2.843.491
687,1426636800000,2.556.062
688,1426723200000,2.600.037
689,1426809600000,2.609.075
690,1426896000000,2.594.899
691,1426982400000,2.677.980.999.999.990
692,1427068800000,2.660.272
693,1427155200000,2.451.679
694,1427241600000,2.462.715
695,1427328000000,2.475.595
696,1427414400000,2.471.476
697,1427500800000,2.520.497
698,1427587200000,2.419.136.999.999.990
699,1427673600000,2.465.418
700,1427760000000,2.432.692.000.000.000
701,1427846400000,2.467.755
702,1427932800000,252.341
703,1428019200000,2.536.226.999.999.990
704,1428105600000,2.533.213
705,1428192000000,2.597.117.999.999.990
706,1428278400000,2.554.233
707,1428364800000,2.532.085
708,1428451200000,2.442.709
709,1428537600000,2.432.006.548.544.860
710,1428624000000,2.345.253
711,1428710400000,2.364.501
712,1428796800000,2.357.386
713,1428883200000,2.239.464
714,1428969600000,2.179.995
715,1429056000000,2.230.161
716,1429142400000,2.279.995
717,1429228800000,2.224.171.382.852.380
718,1429315200000,2.229.536.999.999.990
719,1429401600000,2.226.812
720,1429488000000,2.243.086
721,1429574400000,2.346.867.000.000.000
722,1429660800000,2.337.807
723,1429747200000,2.351.735
724,1429833600000,2.309.863
725,1429920000000,2.259.568
726,1430006400000,2.185.065
727,1430092800000,2.285.712
728,1430179200000,2.256.422.999.999.990
729,1430265600000,2.259.978
730,1430352000000,2.362.208
731,1430438400000,2.327.402.999.999.990
732,1430524800000,2.351.563
733,1430611200000,239.882
734,1430697600000,2.389.705.999.999.990
735,1430784000000,2.360.015.000.000.000
736,1430870400000,2.298.152
737,1430956800000,2.368.450.000.000.000
738,1431043200000,243.657
739,1431129600000,2.415.321
740,1431216000000,2.395.548
741,1431302400000,2.418.506
742,1431388800000,2.415.189.000.000.000
743,1431475200000,2.354.793
744,1431561600000,236.704
745,1431648000000,2.369.908
746,1431734400000,2.359.781
747,1431820800000,2.360.847
748,1431907200000,2.324.757
749,1431993600000,2.319.446.000.000.000
750,1432080000000,234.048
751,1432166400000,2.354.204.999.999.990
752,1432252800000,2.409.352
753,1432339200000,2.390.329.940.983.280
754,1432425600000,2.412.417.000.000.000
755,1432512000000,237.441
756,1432598400000,2.374.971
757,1432684800000,2.372.305
758,1432771200000,2.374.891.000.000.000
759,1432857600000,2.370.714
760,1432944000000,2.334.572
761,1433030400000,2.296.785
762,1433116800000,2.233.178
763,1433203200000,2.257.387
764,1433289600000,2.254.831
765,1433376000000,2.241.748
766,1433462400000,2.247.413
767,1433548800000,2.252.889
768,1433635200000,2.236.157
769,1433721600000,2.287.013.000.000.000
770,1433808000000,2.295.263.999.999.990
771,1433894400000,2.290.022
772,1433980800000,2.299.343.000.000.000
773,1434067200000,2.305.181
774,1434153600000,2.326.301
775,1434240000000,2.336.681
776,1434326400000,2.372.013
777,1434412800000,2.504.743
778,1434499200000,2.476.944.000.000.000
779,1434585600000,2.485.519.999.999.990
780,1434672000000,2.429.967
781,1434758400000,2.454.754
782,1434844800000,2.439.959
783,1434931200000,2.472.790.000.000.000
784,1435017600000,2.438.486
785,1435104000000,2.405.377.000.000.000
786,1435190400000,2.424.769
787,1435276800000,2.424.819
788,1435363200000,250.621
789,1435449600000,2.483.451
790,1435536000000,2.563.038.739.667.170
791,1435622400000,2.624.063.254.601.770
792,1435708800000,2.575.058
793,1435795200000,2.546.537.509.187.550
794,1435881600000,255.161
795,1435968000000,260.415
796,1436054400000,2.710.401.208.003.440
797,1436140800000,268.595
798,1436227200000,2.653.844.519.614.870
799,1436313600000,2.696.130.164.214.260
800,1436400000000,2.688.928.000.000.000
801,1436486400000,2.850.223
802,1436572800000,2.918.907.431.569.510
803,1436659200000,3.101.915.636.277.560
804,1436745600000,2.906.655
805,1436832000000,2.866.653.999.999.990
806,1436918400000,2.839.491.880.809.250
807,1437004800000,2.766.800.999.999.990
808,1437091200000,2.783.728
809,1437177600000,2.744.838.999.999.990
810,1437264000000,272.806.179.588.859
811,1437350400000,2.772.454
812,1437436800000,2.749.428.876.558.470
813,1437523200000,2.761.756.000.000.000
814,1437609600000,2.756.135
815,1437696000000,2.884.447.167.883.330
816,1437782400000,2.883.881.586.253.320
817,1437868800000,2.917.037.645.294.950
818,1437955200000,2.926.148
819,1438041600000,2.939.933
820,1438128000000,2.887.194.990.885.920
821,1438214400000,2.868.366
822,1438300800000,2.836.760.591.480.210
823,1438387200000,2.807.014
824,1438473600000,2.817.267
825,1438560000000,281.829.870.770.124
826,1438646400000,2.842.393
827,1438732800000,2.814.010.623.650.270
828,1438819200000,2.780.134
829,1438905600000,2.785.088.137.572.820
830,1438992000000,2.598.007.283.854.690
831,1439078400000,2.643.384.833.893.250
832,1439164800000,2.635.782
833,1439251200000,2.698.668
834,1439337600000,2.677.126
835,1439424000000,2.636.558.186.169.030
836,1439510400000,2.651.281.000.000.000
837,1439596800000,2.604.762.322.897.640
838,1439683200000,2.578.158.000.000.000
839,1439769600000,2.570.634.000.000.000
840,1439856000000,2.530.766
841,1439942400000,2.259.602
842,1440028800000,2.346.379
843,1440115200000,2.323.324.000.000.000
844,1440201600000,2.291.488
845,1440288000000,2.272.453.999.999.990
846,1440374400000,2.100.943.850.637.930
847,1440460800000,2.213.282.999.999.990
848,1440547200000,2.252.666.000.000.000
849,1440633600000,2.229.704
850,1440720000000,2.316.583
851,1440806400000,2.284.683
852,1440892800000,2.280.672
853,1440979200000,2.300.781
854,1441065600000,2.271.631
855,1441152000000,2.286.427.999.999.990
856,1441238400000,2.265.658
857,1441324800000,2.300.509
858,1441411200000,2.347.495
859,1441497600000,2.391.288.999.999.990
860,1441584000000,240.503
861,1441670400000,2.435.587
862,1441756800000,2.379.452
863,1441843200000,2.387.763
864,1441929600000,2.400.007.956.438.860
865,1442016000000,2.349.098
866,1442102400000,2.305.048.000.000.000
867,1442188800000,230.21
868,1442275200000,2.299.118
869,1442361600000,2.284.640.000.000.000
870,1442448000000,232.746
871,1442534400000,232.354
872,1442620800000,2.312.732.999.999.990
873,1442707200000,2.306.597
874,1442793600000,2.264.528
875,1442880000000,2.298.831
876,1442966400000,2.298.658
877,1443052800000,2.339.255
878,1443139200000,2.349.767
879,1443225600000,2.345.278.999.999.990
880,1443312000000,2.328.346.999.999.990
881,1443398400000,2.392.765
882,1443484800000,2.372.262
883,1443571200000,2.360.463
884,1443657600000,2.377.358
885,1443744000000,2.372.592.999.999.990
886,1443830400000,2.389.718
887,1443916800000,2.386.566
888,1444003200000,2.403.238
889,1444089600000,246.444
890,1444176000000,2.432.229.000.000.000
891,1444262400000,2.429.008
892,1444348800000,2.442.051
893,1444435200000,2.453.209
894,1444521600000,2.475.392
895,1444608000000,2.455.661
896,1444694400000,2.494.051
897,1444780800000,2.526.956
898,1444867200000,2.546.295.530.746.220
899,1444953600000,2.623.735
900,1445040000000,2.703.646
901,1445126400000,2.622.345
902,1445212800000,2.642.094
903,1445299200000,2.702.663.999.999.990
904,1445385600000,2.670.187
905,1445472000000,2.735.729.999.999.990
906,1445558400000,2.773.883.999.999.990
907,1445644800000,2.829.566
908,1445731200000,284.749
909,1445817600000,2.855.159
910,1445904000000,2.948.093.999.999.990
911,1445990400000,3.036.366
912,1446076800000,3.139.073
913,1446163200000,3.258.005.999.999.990
914,1446249600000,3.122.783
915,1446336000000,3.249.970.999.999.990
916,1446422400000,3.507.678
917,1446508800000,3.982.369
918,1446595200000,4.043.588
919,1446681600000,387.473
920,1446768000000,3.728.260.000.000.000
921,1446854400000,3.870.599.999.999.990
922,1446940800000,3.715.020.000.000.000
923,1447027200000,3.806.439.999.999.990
924,1447113600000,3.368.729.999.999.990
925,1447200000000,3.059.829.999.999.990
926,1447286400000,337.955
927,1447372800000,337.372
928,1447459200000,331.501
929,1447545600000,320.484
930,1447632000000,331.353
931,1447718400000,335.111
932,1447804800000,335.447
933,1447891200000,3.255.680.000.000.000
934,1447977600000,321.417
935,1448064000000,325.159
936,1448150400000,323.395
937,1448236800000,3.228.290.000.000.000
938,1448323200000,3.199.789.999.999.990
939,1448409600000,3.281.689.999.999.990
940,1448496000000,356.245
941,1448582400000,359.011
942,1448668800000,356.212
943,1448755200000,3.714.880.000.000.000
944,1448841600000,378.265
945,1448928000000,3.634.499.999.999.990
946,1449014400000,3.588.199.999.999.990
947,1449100800000,360.954
948,1449187200000,3.627.669.999.999.990
949,1449273600000,390.645
950,1449360000000,3.940.109.999.999.990
951,1449446400000,394.355
952,1449532800000,4.129.300.000.000.000
953,1449619200000,4.173.679.999.999.990
954,1449705600000,416.91
955,1449792000000,4.524.149.999.999.990
956,1449878400000,434.903
957,1449964800000,4.358.150.000.000.000
958,1450051200000,443.277
959,1450137600000,4.649.989.999.999.990
960,1450224000000,4.539.139.999.999.990
961,1450310400000,456.473
962,1450396800000,463.816
963,1450483200000,4.620.529.999.999.990
964,1450569600000,4.411.289.999.999.990
965,1450656000000,4.378.090.000.000.000
966,1450742400000,4.362.370.000.000.000
967,1450828800000,442.821
968,1450915200000,454.907
969,1451001600000,4.557.419.999.999.990
970,1451088000000,417.092
971,1451174400000,423.925
972,1451260800000,420.708
973,1451347200000,4.321.540.000.000.000
974,1451433600000,426.811
975,1451520000000,431.139
976,1451606400000,4.344.269.999.999.990
977,1451692800000,4.343.260.000.000.000
978,1451779200000,430.198
979,1451865600000,4.335.339.999.999.990
980,1451952000000,432.115
981,1452038400000,4.313.430.000.000.000
982,1452124800000,456.434
983,1452211200000,4.546.963.000.000.000
984,1452297600000,4.487.090.000.000.000
985,1452384000000,4.472.069.999.999.990
986,1452470400000,4.483.490.000.000.000
987,1452556800000,445.792
988,1452643200000,4.321.200.000.000.000
989,1452729600000,4.292.429.999.999.990
990,1452816000000,365.912
991,1452902400000,384.813
992,1452988800000,3.863.560.000.000.000
993,1453075200000,3.851.320.000.000.000
994,1453161600000,379.015
995,1453248000000,418.848
996,1453334400000,4.078.150.000.000.000
997,1453420800000,3.772.100.000.000.000
998,1453507200000,3.896.409.999.999.990
999,1453593600000,4.030.559.999.999.990
1000,1453680000000,3.923.260.000.000.000
1001,1453766400000,3.924.559.999.999.990
1002,1453852800000,394.491
1003,1453939200000,3.795.519.999.999.990
1004,1454025600000,378.912
1005,1454112000000,376.921
1006,1454198400000,364.352
1007,1454284800000,371.041
1008,1454371200000,3.728.679.999.999.990
1009,1454457600000,368.124
1010,1454544000000,3.883.759.999.999.990
1011,1454630400000,3.857.330.000.000.000
1012,1454716800000,3.749.049.999.999.990
1013,1454803200000,3.755.170.000.000.000
1014,1454889600000,3.711.359.999.999.990
1015,1454976000000,373.909
1016,1455062400000,379.829
1017,1455148800000,377.058
1018,1455235200000,382.72
1019,1455321600000,3.904.240.000.000.000
1020,1455408000000,4.041.440.000.000.000
1021,1455494400000,399.379
1022,1455580800000,4.070.129.999.999.990
1023,1455667200000,4.168.499.999.999.990
1024,1455753600000,4.214.220.000.000.000
1025,1455840000000,419.377
1026,1455926400000,4.411.199.999.999.990
1027,1456012800000,4.386.499.999.999.990
1028,1456099200000,4.378.029.999.999.990
1029,1456185600000,4.203.020.000.000.000
1030,1456272000000,4.231.870.000.000.000
1031,1456358400000,423.142
1032,1456444800000,427.029
1033,1456531200000,4.321.390.000.000.000
1034,1456617600000,4.327.970.000.000.000
1035,1456704000000,436.919
1036,1456790400000,431.371
1037,1456876800000,424.485
1038,1456963200000,4.201.709.999.999.990
1039,1457049600000,409.408
1040,1457136000000,3.972.410.000.000.000
1041,1457222400000,404.912
1042,1457308800000,413.74
1043,1457395200000,4.118.770.000.000.000
1044,1457481600000,4.123.190.000.000.000
1045,1457568000000,4.162.920.000.000.000
1046,1457654400000,419.299
1047,1457740800000,4.108.010.000.000.000
1048,1457827200000,4.124.949.999.999.990
1049,1457913600000,414.585
1050,1458000000000,4.156.410.000.000.000
1051,1458086400000,4.165.440.000.000.000
1052,1458172800000,4.184.000.000.000.000
1053,1458259200000,408.28
1054,1458345600000,4.067.389.999.999.990
1055,1458432000000,4.118.820.000.000.000
1056,1458518400000,411.091
1057,1458604800000,416.36
1058,1458691200000,418.076
1059,1458777600000,4.148.829.999.999.990
1060,1458864000000,415.743
1061,1458950400000,4.167.149.999.999.990
1062,1459036800000,425.349
1063,1459123200000,422.756
1064,1459209600000,4.155.470.000.000.000
1065,1459296000000,412.597
1066,1459382400000,415.366
1067,1459468800000,416.754
1068,1459555200000,4.196.700.000.000.000
1069,1459641600000,4.181.850.000.000.000
1070,1459728000000,419.437
1071,1459814400000,422.651
1072,1459900800000,42.165.599.999.999.900
1073,1459987200000,421.076
1074,1460073600000,4.184.740.000.000.000
1075,1460160000000,416.145
1076,1460246400000,421.133
1077,1460332800000,4.225.840.000.000.000
1078,1460419200000,426.181
1079,1460505600000,42.426.900.000.000.000
1080,1460592000000,424.932
1081,1460678400000,429.966
1082,1460764800000,430.941
1083,1460851200000,428.027
1084,1460937600000,4.285.059.999.999.990
1085,1461024000000,436.37
1086,1461110400000,441.916
1087,1461196800000,4.510.830.000.000.000
1088,1461283200000,447.488
1089,1461369600000,451.818
1090,1461456000000,4.599.229.999.999.990
1091,1461542400000,4.604.659.999.999.990
1092,1461628800000,4.678.559.999.999.990
1093,1461715200000,444.789
1094,1461801600000,4.493.809.999.999.990
1095,1461888000000,4.565.660.000.000.000
1096,1461974400000,44.790.299.999.999.900
1097,1462060800000,452.592
1098,1462147200000,444.488
1099,1462233600000,450.3
1100,1462320000000,447.119
1101,1462406400000,4.489.219.999.999.990
1102,1462492800000,4.616.200.000.000.000
1103,1462579200000,4.592.479.999.999.990
1104,1462665600000,459.283
1105,1462752000000,46.174.700.000.000.000
1106,1462838400000,4.503.259.999.999.990
1107,1462924800000,452.179
1108,1463011200000,4.547.310.000.000.000
1109,1463097600000,4.560.070.000.000.000
1110,1463184000000,4.555.030.000.000.000
1111,1463270400000,457.837
1112,1463356800000,454.893
1113,1463443200000,452.422
1114,1463529600000,4.533.710.000.000.000
1115,1463616000000,4.405.389.999.999.990
1116,1463702400000,441.888
1117,1463788800000,4.431.469.999.999.990
1118,1463875200000,4.386.750.000.000.000
1119,1463961600000,443.175
1120,1464048000000,445.769
1121,1464134400000,4.490.549.999.999.990
1122,1464220800000,45.373.199.999.999.900
1123,1464307200000,4.738.640.000.000.000
1124,1464393600000,528.545
1125,1464480000000,524.624
1126,1464566400000,5.342.240.000.000.000
1127,1464652800000,5.314.070.000.000.000
1128,1464739200000,5.391.679.999.999.990
1129,1464825600000,538.832
1130,1464912000000,5.704.449.999.999.990
1131,1464998400000,5.735.259.999.999.990
1132,1465084800000,5.744.756.747.207.700
1133,1465171200000,585.563
1134,1465257600000,5.779.106.942.699.350
1135,1465344000000,5.831.389.999.999.990
1136,1465430400000,577.607
1137,1465516800000,5.792.276.478.801.400
1138,1465603200000,597.746.561.993.518
1139,1465689600000,6.717.122.784.950.520
1140,1465776000000,7.042.918.521.711.080
1141,1465862400000,685.932.131.564.762
1142,1465948800000,6.932.269.999.999.990
1143,1466035200000,7.654.629.999.999.990
1144,1466121600000,7.494.189.999.999.990
1145,1466208000000,7.567.996.012.580.620
1146,1466294400000,7.640.459.999.999.990
1147,1466380800000,7.341.617.358.035.660
1148,1466467200000,6.649.965.293.554.340
1149,1466553600000,591.895
1150,1466640000000,6.232.062.563.646.150
1151,1466726400000,6.614.166.051.593.030
1152,1466812800000,6.660.566.978.558.090
1153,1466899200000,6.293.059.999.999.990
1154,1466985600000,6.482.999.999.999.990
1155,1467072000000,6.468.429.999.999.990
1156,1467158400000,637.437
1157,1467244800000,6.716.159.999.999.990
1158,1467331200000,6.777.099.999.999.990
1159,1467417600000,6.930.470.000.000.000
1160,1467504000000,6.647.451.003.433.930
1161,1467590400000,6.787.005.716.794.640
1162,1467676800000,6.675.305.180.233.450
1163,1467763200000,6.759.190.000.000.000
1164,1467849600000,6.386.200.000.000.000
1165,1467936000000,665.744.506.272.113
1166,1468022400000,6.538.705.124.993.980
1167,1468108800000,6.503.210.000.000.000
1168,1468195200000,649.07
1169,1468281600000,6.709.480.000.000.000
1170,1468368000000,6.581.500.000.000.000
1171,1468454400000,6.595.760.000.000.000
1172,1468540800000,6.656.869.915.031.880
1173,1468627200000,6.635.010.000.000.000
1174,1468713600000,6.783.905.582.459.540
1175,1468800000000,6.747.874.378.266.200
1176,1468886400000,6.745.573.889.807.010
1177,1468972800000,6.708.934.740.599.930
1178,1469059200000,6.653.643.845.142.730
1179,1469145600000,6.510.899.999.999.990
1180,1469232000000,6.554.230.000.000.000
1181,1469318400000,660.848.923.533.057
1182,1469404800000,6.545.186.383.481.070
1183,1469491200000,6.513.099.999.999.990
1184,1469577600000,655.618.263.277.738
1185,1469664000000,6.558.904.301.748.950
1186,1469750400000,6.573.423.791.946.650
1187,1469836800000,6.545.489.803.055.390
1188,1469923200000,6.237.457.712.533.020
1189,1470009600000,6.057.469.999.999.990
1190,1470096000000,5.171.349.294.487.600
1191,1470182400000,5.673.810.616.156.010
1192,1470268800000,5.766.037.067.248.540
1193,1470355200000,5.760.338.000.000.000
1194,1470441600000,5.876.349.999.999.990
1195,1470528000000,5.926.675
1196,1470614400000,5.907.125
1197,1470700800000,5.853.024.999.999.990
1198,1470787200000,592.266.843.297.098
1199,1470873600000,5.876.138.000.000.000
1200,1470960000000,5.865.299.999.999.990
1201,1471046400000,5.844.688.683.346.060
1202,1471132800000,5.707.366.999.999.990
1203,1471219200000,5.677.342.836.594.340
1204,1471305600000,5.782.231.511.023.560
1205,1471392000000,571.461.914.957.742
1206,1471478400000,5.722.684.198.487.190
1207,1471564800000,5.734.919.906.794.340
1208,1471651200000,5.819.462.730.812.130
1209,1471737600000,5.805.870.271.371.730
1210,1471824000000,5.852.175.000.000.000
1211,1471910400000,5.820.038
1212,1471996800000,5.778.880.531.621.710
1213,1472083200000,5.761.163.000.000.000
1214,1472169600000,5.781.037.999.999.990
1215,1472256000000,5.685.750.000.000.000
1216,1472342400000,5.735.288
1217,1472428800000,5.725.102.283.617.080
1218,1472515200000,576.08
1219,1472601600000,5.717.582.826.763.030
1220,1472688000000,571.59
1221,1472774400000,5.739.624.999.999.990
1222,1472860800000,5.961.950.000.000.000
1223,1472947200000,6.086.887.999.999.990
1224,1473033600000,6.066.438
1225,1473120000000,6.106.837.999.999.990
1226,1473206400000,6.143.264.885.962.190
1227,1473292800000,6.254.675.000.000.000
1228,1473379200000,6.219.124.999.999.990
1229,1473465600000,6.230.588.000.000.000
1230,1473552000000,6.053.154.151.790.800
1231,1473638400000,6.058.312.052.420.320
1232,1473724800000,6.066.450.000.000.000
1233,1473811200000,6.084.250.000.000.000
1234,1473897600000,6.055.838.000.000.000
1235,1473984000000,6.065.533.658.936.910
1236,1474070400000,6.053.438
1237,1474156800000,6.087.950.000.000.000
1238,1474243200000,6.086.176.342.973.240
1239,1474329600000,6.077.688.125.632.660
1240,1474416000000,5.958.402.492.264.340
1241,1474502400000,5.949.587.999.999.990
1242,1474588800000,6.018.925
1243,1474675200000,6.012.725.000.000.000
1244,1474761600000,5.993.112.999.999.990
1245,1474848000000,6.060.970.645.363.000
1246,1474934400000,6.042.074.999.999.990
1247,1475020800000,6.035.549.999.999.990
1248,1475107200000,6.046.375
1249,1475193600000,6.082.575
1250,1475280000000,6.140.598.845.176.640
1251,1475366400000,6.103.588.000.000.000
1252,1475452800000,6.119.609.026.561.790
1253,1475539200000,6.092.425
1254,1475625600000,6.116.363
1255,1475712000000,6.109.800.000.000.000
1256,1475798400000,6.162.188.000.000.000
1257,1475884800000,6.165.338
1258,1475971200000,6.146.238.000.000.000
1259,1476057600000,6.143.138
1260,1476144000000,640.7
1261,1476230400000,6.356.163
1262,1476316800000,6.346.223.388.041.230
1263,1476403200000,6.381.799.999.999.990
1264,1476489600000,6.372.088
1265,1476576000000,6.401.862.999.999.990
1266,1476662400000,6.374.825.000.000.000
1267,1476748800000,635.465
1268,1476835200000,6.284.375
1269,1476921600000,6.285.425
1270,1477008000000,6.297.187.999.999.990
1271,1477094400000,6.520.875
1272,1477180800000,6.496.263.000.000.000
1273,1477267200000,6.487.663
1274,1477353600000,6.526.338
1275,1477440000000,6.734.175.000.000.000
1276,1477526400000,6.833.724.999.999.990
1277,1477612800000,6.875.587.999.999.990
1278,1477699200000,7.154.103.243.232.160
1279,1477785600000,6.972.773.624.560.570
1280,1477872000000,6.985.762.999.999.990
1281,1477958400000,7.292.049.999.999.990
1282,1478044800000,7.341.638
1283,1478131200000,6.860.612.999.999.990
1284,1478217600000,702.11
1285,1478304000000,7.040.224.999.999.990
1286,1478390400000,7.121.263.000.000.000
1287,1478476800000,7.060.925
1288,1478563200000,7.089.399.999.999.990
1289,1478649600000,7.211.774.999.999.990
1290,1478736000000,7.132.141.433.353.430
1291,1478822400000,7.156.425.000.000.000
1292,1478908800000,703.76
1293,1478995200000,7.023.463.169.808.620
1294,1479081600000,705.55
1295,1479168000000,712.158.899.800.779
1296,1479254400000,7.408.993.548.679.160
1297,1479340800000,7.384.799.999.999.990
1298,1479427200000,7.484.263
1299,1479513600000,7.504.100.480.749.120
1300,1479600000000,7.283.713
1301,1479686400000,7.365.049.999.999.990
1302,1479772800000,7.481.225
1303,1479859200000,7.411.662.465.178.730
1304,1479945600000,7.367.486.937.230.670
1305,1480032000000,7.382.039.432.073.000
1306,1480118400000,7.327.338.000.000.000
1307,1480204800000,7.277.574.999.999.990
1308,1480291200000,7.318.424.613.583.480
1309,1480377600000,731.81
1310,1480464000000,7.423.587.999.999.990
1311,1480550400000,7.530.550.000.000.000
1312,1480636800000,7.711.713
1313,1480723200000,7.648.338.233.239.150
1314,1480809600000,7.663.687.999.999.990
1315,1480896000000,7.522.399.999.999.990
1316,1480982400000,7.586.924.999.999.990
1317,1481068800000,7.639.149.999.999.990
1318,1481155200000,7.686.749.999.999.990
1319,1481241600000,7.698.412.999.999.990
1320,1481328000000,7.731.262.933.845.230
1321,1481414400000,7.682.324.999.999.990
1322,1481500800000,7.784.323.012.225.740
1323,1481587200000,7.782.150.000.000.000
1324,1481673600000,7.758.913.000.000.000
1325,1481760000000,7.755.724.999.999.990
1326,1481846400000,7.813.375.000.000.000
1327,1481932800000,7.888.774.999.999.990
1328,1482019200000,7.884.413.000.000.000
1329,1482105600000,7.901.162.999.999.990
1330,1482192000000,7.997.212.999.999.990
1331,1482278400000,8.266.207.679.031.850
1332,1482364800000,8.593.662.999.999.990
1333,1482451200000,9.170.988
1334,1482537600000,8.916.813
1335,1482624000000,8.943.371.331.688.620
1336,1482710400000,9.026.063
1337,1482796800000,9.291.150.000.000.000
1338,1482883200000,9.771.399.999.999.990
1339,1482969600000,9.717.212.999.999.990
1340,1483056000000,9.609.250.000.000.000
1341,1483142400000,9.665.689.708.732.550
1342,1483228800000,998.05
1343,1483315200000,10.191.988.000.000.000
1344,1483401600000,10.355.313
1345,1483488000000,11.308.495.163.207.200
1346,1483574400000,9.906.674.999.999.990
1347,1483660800000,8.940.325
1348,1483747200000,9.000.787.999.999.990
1349,1483833600000,9.080.850.000.000.000
1350,1483920000000,9.018.788.880.390.630
1351,1484006400000,9.057.594.626.984.330
1352,1484092800000,7.842.775.000.000.000
1353,1484179200000,7.994.275
1354,1484265600000,8.244.988.000.000.000
1355,1484352000000,8.178.250.000.000.000
1356,1484438400000,8.219.124.999.999.990
1357,1484524800000,8.283.099.999.999.990
1358,1484611200000,9.041.525.000.000.000
1359,1484697600000,8.739.349.999.999.990
1360,1484784000000,896.89
1361,1484870400000,8.914.588
1362,1484956800000,9.196.775.000.000.000
1363,1485043200000,9.187.788.120.146.550
1364,1485129600000,9.189.075.000.000.000
1365,1485216000000,8.857.887.999.999.990
1366,1485302400000,8.934.737.999.999.990
1367,1485388800000,9.153.599.999.999.990
1368,1485475200000,9.182.875
1369,1485561600000,920.245
1370,1485648000000,9.141.424.999.999.990
1371,1485734400000,9.209.911.458.822.620
1372,1485820800000,9.682.662.999.999.990
1373,1485907200000,9.865.728.903.454.350
1374,1485993600000,10.084.033.182.231.400
1375,1486080000000,10.154.425.000.000.000
1376,1486166400000,1033.63
1377,1486252800000,10.169.261.585.954.300
1378,1486339200000,10.245.110.886.063.200
1379,1486425600000,10.515.000.000.000.000
1380,1486512000000,10.553.013
1381,1486598400000,9.817.049.999.999.990
1382,1486684800000,9.921.113
1383,1486771200000,10.109.462.999.999.900
1384,1486857600000,10.005.237.691.031.100
1385,1486944000000,9.961.039.358.698.110
1386,1487030400000,10.101.021.618.594.300
1387,1487116800000,10.088.812.999.999.900
1388,1487203200000,10.349.038.000.000.000
1389,1487289600000,10.565.580.910.529.700
1390,1487376000000,10.585.809.306.486.600
1391,1487462400000,10.535.024.999.999.900
1392,1487548800000,10.820.168.234.958.300
1393,1487635200000,11.254.088.148.356.500
1394,1487721600000,11.233.049.999.999.900
1395,1487808000000,11.856.547.846.887.600
1396,1487894400000,11.808.709.999.999.900
1397,1487980800000,11.494.036.781.698.300
1398,1488067200000,11.806.730.000.000.000
1399,1488153600000,11.931.295.150.369.500
1400,1488240000000,11.903.309.999.999.900
1401,1488326400000,12.274.771.489.660.900
1402,1488412800000,12.620.810.000.000.000
1403,1488499200000,12.895.406.116.191.400
1404,1488585600000,12.688.145.320.151.400
1405,1488672000000,12.762.330.000.000.000
1406,1488758400000,12.809.859.999.999.900
1407,1488844800000,12.330.565.084.079.900
1408,1488931200000,11.496.310.000.000.000
1409,1489017600000,11.912.367.224.851.000
1410,1489104000000,11.000.105.899.712.100
1411,1489190400000,11.812.041.227.520.200
1412,1489276800000,1230.56
1413,1489363200000,12.432.649.223.901.900
1414,1489449600000,12.465.567.394.807.600
1415,1489536000000,12.584.569.999.999.900
1416,1489622400000,12.173.145.410.078.700
1417,1489708800000,10.740.938.695.062.400
1418,1489795200000,9.619.620.000.000.000
1419,1489881600000,10.234.901.008.756.700
1420,1489968000000,10.363.320.123.738.700
1421,1490054400000,1.112.701.532.272.980
1422,1490140800000,10.398.401.726.478.400
1423,1490227200000,10.291.394.137.431.000
1424,1490313600000,9.400.206.265.591.030
1425,1490400000000,9.652.650.626.610.690
1426,1490486400000,9.544.766.599.717.780
1427,1490572800000,10.426.050.726.198.000
1428,1490659200000,10.447.219.999.999.900
1429,1490745600000,1.038.617.197.616.250
1430,1490832000000,10.314.929.056.461.500
1431,1490918400000,1.078.274.711.090.600
1432,1491004800000,10.852.529.999.999.900
1433,1491091200000,10.980.679.999.999.900
1434,1491177600000,11.393.082.754.455.500
1435,1491264000000,11.404.975.903.801.600
1436,1491350400000,1.132.339.904.992.770
1437,1491436800000,11.942.109.999.999.900
1438,1491523200000,1.189.775.123.703.210
1439,1491609600000,1.182.271
1440,1491696000000,11.876.989.999.999.900
1441,1491782400000,1.210.515
1442,1491868800000,1.226.618
1443,1491955200000,1.218.299
1444,1492041600000,1.174.209
1445,1492128000000,1.183.687
1446,1492214400000,1.180.323
1447,1492300800000,1186.31
1448,1492387200000,1.205.143
1449,1492473600000,1217.58
1450,1492560000000,1.225.721
1451,1492646400000,1.253.904
1452,1492732800000,12.549.875
1453,1492819200000,1249.67
1454,1492905600000,12.478.388
1455,1492992000000,12.499.563
1456,1493078400000,1.263.045
1457,1493164800000,1287.32
1458,1493251200000,13.313.125
1459,1493337600000,1.321.205
1460,1493424000000,13.276.863
1461,1493510400000,13.498.863
1462,1493596800000,1.408.445
1463,1493683200000,1.442.245
1464,1493769600000,14.858.175
1465,1493856000000,1499.36
1466,1493942400000,15.060.438
1467,1494028800000,1.547.815
1468,1494115200000,15.578.838
1469,1494201600000,1633.38
1470,1494288000000,17.001.775
1471,1494374400000,17.473.175
1472,1494460800000,18.087.788
1473,1494547200000,17.007.725
1474,1494633600000,1751.73
1475,1494720000000,17.677.088
1476,1494806400000,1696.13
1477,1494892800000,1.716.315
1478,1494979200000,18.044.513
1479,1495065600000,18.894.088
1480,1495152000000,19.729.013
1481,1495238400000,2043.42
1482,1495324800000,20.538.788
1483,1495411200000,21.093.963
1484,1495497600000,22.927.025
1485,1495584000000,24.481.313
1486,1495670400000,23.669.725
1487,1495756800000,2262.36
1488,1495843200000,2.082.845
1489,1495929600000,22.194.875
1490,1496016000000,22.862.663
1491,1496102400000,21.676.438
1492,1496188800000,23.290.775
1493,1496275200000,24.360.363
1494,1496361600000,25.142.275
1495,1496448000000,2562.54
1496,1496534400000,2.556.405
1497,1496620800000,27.215.525
1498,1496791795701,29.034.438
1499,1496793600000,27.160.588
1500,1496965161692,28.242.038
1501,1496966400000,28.170.638
1502,1497052800000,29.374.538
1503,1497139200000,30.137.138
1504,1497225600000,2.701.255
1505,1497312000000,27.361.888
1506,1497398400000,250.340.127.294.964
1507,1497484800000,244.449.371.230.854
1508,1497571200000,251.381.034.764.638
1509,1497657600000,26.835.713.440.378
1510,1497744000000,257.721.936.114.026
1511,1497830400000,262.013.645.139.993
1512,1497916800000,277.779.265.567.999
1513,1498003200000,271.700.310.788.798
1514,1498089600000,272.491.221.331.707
1515,1498176000000,273.774.623.109.829
1516,1498262400000,261.841.673.570.888
1517,1498348800000,26.068.632.352.265
1518,1498435200000,248.819.416.337.737
1519,1498521600000,253.134.899.878.484
1520,1498608000000,257.543.777.025.493
1521,1498694400000,256.168.143.454.198
1522,1498780800000,249.075.348.798.041
1523,1498867200000,243.982.055.973.389
1524,1498953600000,251.854.569.431.263
1525,1499040000000,25.767.146.569.746
1526,1499126400000,261.099.757.474.179
1527,1499212800000,260.721.930.206.989
1528,1499299200000,261.267.042.830.497
1529,1499385600000,250.921.820.981.689
1530,1499472000000,256.319.551.359.687
1531,1499558400000,251.921.739.188.349
1532,1499644800000,236.351.568.155.487
1533,1499731200000,235.391.066.125.207
1534,1499817600000,238.732.891.171.674
1535,1499904000000,236.432.126.576.467
1536,1499990400000,222.872.879.099.011
1537,1500076800000,203.329.108.803.266
1538,1500163200000,192.709.906.562.122
1539,1500249600000,218.128.608.069.932
1540,1500336000000,230.388.935.545.646
1541,1500422400000,227.462.136.530.529
1542,1500508800000,276.682.511.908.244
1543,1500595200000,265.807.491.237.597
1544,1500681600000,280.234.788.667.742
1545,1500768000000,273.160.400.741.206
1546,1500854400000,27.513.470.702.262
1547,1500940800000,256.374.789.523.364
1548,1501027200000,250.738.968.460.757
1549,1501113600000,264.944.120.113.807
1550,1501200000000,279.882.931.330.334
1551,1501286400000,272.010.226.250.836
1552,1501372800000,274.032.359.181.287
1553,1501459200000,28.713.680.152.452
1554,1501545600000,273.776.379.241.919
1555,1501632000000,26.978.509.023.017
1556,1501718400000,277.736.799.394.604
1557,1501804800000,284.589.716.230.278
1558,1501891200000,323.707.069.450.803
1559,1501977600000,31.897.324.534.615
1560,1502064000000,335.670.973.808.691
1561,1502150400000,341.045.008.044.914
1562,1502236800000,333.089.782.529.283
1563,1502323200000,336.790.538.708.821
1564,1502409600000,356.258.766.284.089
1565,1502496000000,380.014.062.506.336
1566,1502582400000,402.325.452.207.874
1567,1502668800000,417.569.529.134.641
1568,1502755200000,414.930.875.941.234
1569,1502841600000,42.625.587.912.331
1570,1502928000000,428.691.743.450.516
1571,1503014400000,409.768.580.247.375
1572,1503100800000,411.521.198.836.208
1573,1503187200000,400.122.863.247.285
1574,1503273600000,393.522.993.283.277
1575,1503360000000,400.841.668.521.521
1576,1503446400000,40.690.802.390.251
1577,1503532800000,416.728.917.680.219
1578,1503619200000,419.989.203.158.457
1579,1503705600000,412.351.337.132.546
1580,1503792000000,411.646.873.916.326
1581,1503878400000,421.624.277.330.547
1582,1503964800000,439.406.343.624.723
1583,1504051200000,455.380.652.713.686
1584,1504137600000,470.293.816.308.458
1585,1504224000000,486.319.304.868.405
1586,1504310400000,45.565.977.768.913
1587,1504396800000,463.246.233.076.675
1588,1504483200000,431.718.518.771.612
1589,1504569600000,444.787.559.221.093
1590,1504656000000,459.225.027.789.782
1591,1504742400000,458.482.027.519.271
1592,1504828800000,428.520.793.872.097
1593,1504915200000,424.560.734.112.386
1594,1505001600000,41.326.646.422.833
1595,1505088000000,416.497.621.199.409
1596,1505174400000,413.095.628.475.182
1597,1505260800000,388.365.200.134.942
1598,1505347200000,310.066.815.470.405
1599,1505433600000,35.879.431.219.159
1600,1505520000000,360.627.519.721.432
1601,1505606400000,355.343.231.625.865
1602,1505692800000,401.228.582.499.344
1603,1505779200000,389.893.473.248.234
1604,1505865600000,385.802.095.060.051
1605,1505952000000,362.805.858.753.461
1606,1506038400000,36.221.830.393.146
1607,1506124800000,376.341.140.627.887
1608,1506211200000,367.230.507.973.319
1609,1506297600000,386.670.515.274.174
1610,1506384000000,385.293.520.487.706
1611,1506470400000,413.421.241.496.119
1612,1506556800000,413.488.495.085.993
1613,1506643200000,413.041.524.600.294
1614,1506729600000,429.779.117.003.372
1615,1506816000000,434.757.873.545.332
1616,1506902400000,438.332.549.736.353
1617,1506988800000,431.906.921.246.641
1618,1507075200000,423.146.418.703.684
1619,1507161600000,429.038.040.438.142
1620,1507248000000,434.754.723.950.876
1621,1507334400000,44.050.162.007.055
1622,1507420800000,456.232.193.109.848
1623,1507507200000,475.872.164.979.337
1624,1507593600000,476.947.734.676.417
1625,1507680000000,480.792.589.489.803
1626,1507766400000,533.161.930.195.449
1627,1507852800000,561.049.316.222.874
1628,1507939200000,567.921.622.165.638
1629,1508025600000,568.404.710.411.913
1630,1508112000000,572.893.275.055.115
1631,1508198400000,564.385.907.705.172
1632,1508284800000,559.278.222.421.231
1633,1508371200000,569.638.014.134.367
1634,1508457600000,59.527.713.587.923
1635,1508544000000,604.396.673.129.542
1636,1508630400000,60.034.640.189.335
1637,1508716800000,595.998.304.059.248
1638,1508803200000,555.008.158.528.565
1639,1508889600000,570.487.480.650.775
1640,1508976000000,588.305.318.447.111
1641,1509062400000,577.551.666.530.736
1642,1509148800000,573.430.745.398.276
1643,1509235200000,612.354.977.135.535
1644,1509321600000,610.438.870.915.078
1645,1509408000000,636.865.164.135.745
1646,1509494400000,671.478.898.671.902
1647,1509580800000,70.597.938.605.488
1648,1509667200000,723.473.838.202.036
1649,1509753600000,739.053.522.652.395
1650,1509840000000,741.626.795.098.255
1651,1509926400000,710.304.608.116.249
1652,1510012800000,716.674.137.167.631
1653,1510099200000,746.182.443.491.069
1654,1510185600000,718.629.277.509.382
1655,1510272000000,665.683.969.350.681
1656,1510358400000,636.539.785.208.573
1657,1510444800000,586.651.312.938.529
1658,1510531200000,642.309.140.246.102
1659,1510617600000,665.221.677.956.026
1660,1510704000000,729.766.883.633.256
1661,1510790400000,78.149.444.036.566
1662,1510876800000,778.354.246.476.388
1663,1510963200000,782.763.146.946.899
1664,1511049600000,801.114.742.989.044
1665,1511136000000,822.050.996.617.654
1666,1511222400000,811.413.367.954.416
1667,1511308800000,825.712.389.528.835
1668,1511395200000,811.766.434.762.603
1669,1511481600000,827.812.843.633.886
1670,1511568000000,87.431.593.779.107
1671,1511654400000,934.298.864.142.167
1672,1511740800000,983.140.292.992.241
1673,1511827200000,102.570.674.169.803
1674,1511913600000,987.589.230.818.829
1675,1512000000000,1.040.618.772.373
1676,1512086400000,109.957.235.531.179
1677,1512172800000,111.625.450.307.617
1678,1512259200000,112.567.018.287.538
1679,1512345600000,116.349.849.554.034
1680,1512432000000,121.742.537.397.926
1681,1512518400000,138.764.735.794.148
1682,1512604800000,184.911.815.542.282
1683,1512691200000,169.080.049.521.112
1684,1512777600000,152.664.263.894.651
1685,1512864000000,158.085.098.961.544
1686,1512950400000,171.065.051.488.871
1687,1513036800000,17.249.920.214.656
1688,1513123200000,165.250.444.892.988
1689,1513209600000,168.653.616.648.753
1690,1513296000000,179.786.305.581.344
1691,1513382400000,196.653.949.272.416
1692,1513468800000,194.235.801.532.525
1693,1513555200000,191.880.539.569.348
1694,1513641600000,181.741.867.596.316
1695,1513728000000,170.598.883.502.646
1696,1513814400000,163.552.382.257.401
1697,1513900800000,140.848.249.267.767
1698,1513987200000,152.419.164.656.487
1699,1514073600000,144.511.145.466.743
1700,1514160000000,143.027.537.081.839
1701,1514246400000,166.166.820.570.844
1702,1514332800000,163.730.810.795.739
1703,1514419200000,150.678.994.980.567
1704,1514505600000,150.965.594.360.709
1705,1514592000000,136.203.618.741.461
1706,1514678400000,148.395.907.854.184
1707,1514764800000,140.936.068.305.274
1708,1514851200000,153.219.328.517.642
1709,1514937600000,155.838.855.377.593
1710,1515024000000,15.976.365.194.174
1711,1515110400000,183.369.229.801.691
1712,1515196800000,183.436.624.934.071
1713,1515283200000,170.398.739.138.488
1714,1515369600000,159.003.650.216.006
1715,1515456000000,156.047.234.082.405
1716,1515542400000,155.092.701.268.168
1717,1515628800000,140.505.696.063.543
1718,1515715200000,14.759.294.629.915
1719,1515801600000,151.933.148.979.847
1720,1515888000000,144.765.889.713.691
1721,1515974400000,144.119.977.069.182
1722,1516060800000,117.239.135.206.658
1723,1516147200000,114.153.928.442.768
1724,1516233600000,115.694.249.920.858
1725,1516320000000,117.584.693.327.652
1726,1516406400000,132.602.711.872.786
1727,1516492800000,117.035.048.628.599
1728,1516579200000,109.915.950.130.802
1729,1516665600000,108.940.009.053.405
1730,1516752000000,112.771.159.704.489
1731,1516838400000,112.252.544.568.853
1732,1516924800000,110.449.072.365.744
1733,1517011200000,114.562.135.062.799
1734,1517097600000,116.656.969.300.847
1735,1517184000000,111.576.638.878.978
1736,1517270718718,110.952.106.891.266
1737,1517356800000,998.968.977.659.669
1738,1517443200000,10.114.495.086.226
1739,1517529600000,907.055.544.937.356
1740,1517616000000,883.016.351.005.472
1741,1517702400000,899.491.486.607.664
1742,1517788800000,831.551.749.143.615
1743,1517875200000,685.205.270.051.491
1744,1517961600000,77.112.203.289.411
1745,1518048328226,761.161.027.778.882
1746,1518134400000,820.857.208.449.673
1747,1518220800000,865.071.675.042.998
1748,1518307200000,857.467.763.849.023
1749,1518393600000,816.863.777.979.963
1750,1518480000000,89.113.985.742.083
1751,1518566400000,851.826.907.619.091
1752,1518652800000,942.802.560.716.167
1753,1518739200000,101.125.801.434.467
1754,1518825600000,101.552.770.555.258
1755,1518912000000,11.006.647.685.962
1756,1518998400000,10.523.429.305.801
1757,1519084800000,111.030.900.361.497
1758,1519171200000,115.023.770.496.396
1759,1519257600000,997.359.211.951.887
1760,1519344000000,10.032.863.112.314
1761,1519430400000,10.301.883.609.336
1762,1519516800000,974.262.819.006.538
1763,1519603200000,969.951.718.151.529
1764,1519689600000,103.555.781.264.856
1765,1519776000000,107.093.884.310.463
1766,1519862400000,10.346.664.931.035
1767,1519948800000,108.595.521.943.893
1768,1520035200000,110.980.758.092.511
1769,1520121600000,113.560.416.016.724
1770,1520208000000,112.866.762.891.691
1771,1520294400000,115.264.209.302.906
1772,1520380800000,10.727.716.249.205
1773,1520467200000,999.968.248.604.677
1774,1520553600000,942.085.488.958.591
1775,1520640000000,927.633.759.031.006
1776,1520726400000,889.086.580.399.612
1777,1520812800000,951.245.611.286.134
1778,1520899200000,923.270.587.979.953
1779,1520985600000,921.653.097.626.842
1780,1521072000000,830.722.338.626.638
1781,1521158400000,835.936.528.334.063
1782,1521244800000,852.000.815.917.187
1783,1521331200000,80.634.097.921.227
1784,1521417600000,821.784.219.996.114
1785,1521504000000,864.052.143.024.258
1786,1521590400000,892.682.049.620.007
1787,1521676800000,897.031.790.627.893
1788,1521763200000,873.638.576.909.829
1789,1521849600000,882.459.283.177.853
1790,1521936000000,862.115.079.225.785
1791,1522022400000,847.863.819.558.905
1792,1522108800000,818.619.606.281.355
1793,1522195200000,783.676.304.425.289
1794,1522281600000,793.077.954.092.755
1795,1522368000000,712.689.519.256.736
1796,1522454400000,689.726.857.786.945
1797,1522540800000,697.527.531.402.076
1798,1522627200000,683.657.232.729.678
1799,1522713600000,708.041.723.231.299
1800,1522800000000,746.435.609.406.668
1801,1522886400000,684.531.597.826.858
1802,1522972800000,685.542.230.460.675
1803,1523059200000,662.875.445.585.626
1804,1523145600000,688.447.723.505.995
1805,1523232000000,69.848.089.659.738
1806,1523318400000,67.784.915.700.774
1807,1523404800000,682.931.650.379.539
1808,1523491200000,692.510.199.547.663
1809,1523577600000,783.639.699.399.927
1810,1523664000000,784.575.284.010.594
1811,1523750400000,789.771.993.085.806
1812,1523836800000,825.806.708.369.755
1813,1523923200000,803.099.926.195.254
1814,1524009600000,787.363.551.010.255
1815,1524096000000,809.741.823.310.301
1816,1524182400000,827.746.063.916.253
1817,1524268800000,849.945.000.871.487
1818,1524355200000,887.842.826.029.723
1819,1524441600000,876.901.199.947.348
1820,1524528000000,888.139.170.434.545
1821,1524614400000,971.648.975.733.072
1822,1524700800000,88.252.025.000.693
1823,1524787200000,922.186.802.618.436
1824,1524873600000,894.038.112.200.719
1825,1524960000000,924.965.952.508.923
1826,1525046400000,932.562.885.104.679
1827,1525132800000,919.818.950.997.327
1828,1525219200000,90.243.875.117.766
1829,1525305600000,912.265.301.383.019
1830,1525392000000,955.113.518.381.566
1831,1525478400000,963.453.822.597.227
1832,1525564800000,976.624.448.548.887
1833,1525651200000,958.387.174.550.137
1834,1525737600000,930.826.502.572.185
1835,1525824000000,914.951.783.314.723
1836,1525910400000,924.896.039.558.449
1837,1525996800000,896.994.037.574.258
1838,1526083200000,84.055.605.632.418
1839,1526169600000,848.058.037.612.559
1840,1526256000000,86.839.862.031.429
1841,1526342400000,869.697.400.387.283
1842,1526428800000,847.334.864.905.366
1843,1526515200000,83.431.252.216.955
1844,1526601600000,805.605.319.237.475
1845,1526688000000,820.282.540.955.214
1846,1526774400000,818.062.700.991.409
1847,1526860800000,844.326.024.591.542
1848,1526947200000,835.499.633.591.748
1849,1527033600000,80.092.995.067.828
1850,1527120000000,755.631.604.292.077
1851,1527206400000,756.343.546.544.346
1852,1527292800000,747.202.260.174.872
1853,1527379200000,732.887.167.436.352
1854,1527465600000,732.664.394.017.867
1855,1527552000000,711.106.892.466.996
1856,1527638400000,74.512.308.372.653
1857,1527724800000,73.808.515.577.098
1858,1527811200000,746.016.694.986.577
1859,1527897600000,748.707.630.453.815
1860,1527984000000,756.751.293.761.927
1861,1528070400000,763.987.944.568.278
1862,1528156800000,746.365.499.554.503
1863,1528243200000,756.901.133.988.542
1864,1528329600000,760.557.848.860.797
1865,1528416000000,761.377.739.337.755
1866,1528502400000,756.116.610.052.452
1867,1528588800000,741.500.137.858.946
1868,1528675200000,676.749.948.454.925
1869,1528761600000,688.013.364.875.604
1870,1528848000000,658.182.807.522.796
1871,1528934400000,633.409.890.642.618
1872,1529020800000,664.472.067.973.844
1873,1529107200000,640.680.704.950.998
1874,1529193600000,647.881.592.433.021
1875,1529280000000,641.885.000.188.746
1876,1529366400000,667.753.340.291.194
1877,1529452800000,670.868.182.027.534
1878,1529539200000,671.437.546.123.014
1879,1529625600000,6.690.832.151.608
1880,1529712000000,608.857.944.239.075
1881,1529798400000,616.943.726.386.169
1882,1529884800000,615.970.719.379.414
1883,1529971200000,624.184.871.170.546
1884,1530057600000,606.987.260.616.628
1885,1530144000000,611.703.640.962.264
1886,1530230400000,587.998.897.440.643
1887,1530316800000,618.225.674.792.295
1888,1530403200000,636.649.946.751.097
1889,1530489600000,631.287.724.313.135
1890,1530576000000,65.955.473.128.085
1891,1530662400000,649.760.735.494.217
1892,1530748800000,65.627.217.371.211
1893,1530835200000,653.774.087.162.192
1894,1530921600000,660.329.470.396.542
1895,1531008000000,675.983.608.914.527
1896,1531094400000,670.063.547.905.209
1897,1531180800000,6.648.256.795.903.320
1898,1531267200000,6.303.380.664.729.320
1899,1531353600000,6.373.234.804.689.930
1900,1531440000000,62.305.901.971.047.800
1901,1531526400000,6.248.397.313.033.790
1902,1531612800000,624.613.741.162.634
1903,1531699200000,6.349.695.836.710.770
1904,1531785600000,67.416.919.602.852.600
1905,1531872000000,7.303.373.059.795.850
1906,1531958400000,7.334.771.372.076.190
1907,1532044800000,7.442.800.738.748.320
1908,1532131200000,7.331.871.523.239.400
1909,1532217600000,7.379.137.271.821.940
1910,1532304000000,73.958.664.054.401
1911,1532390400000,770.499.567.890.457
1912,1532476800000,842.237.392.335.148
1913,1532563200000,8.144.553.482.041.870
1914,1532649600000,7.929.079.243.602.930
1915,1532736000000,8.145.333.168.120.660
1916,1532822400000,819.213.570.223.742
1917,1532908800000,8.197.593.575.814.200
1918,1532995200000,8.185.921.138.302.320
1919,1533081600000,7.738.249.304.586.210
1920,1533168000000,7.612.300.753.683.110
1921,1533254400000,7.540.633.150.617.140
1922,1533340800000,741.166.638.248.389
1923,1533427200000,7.009.012.011.793.910
1924,1533513600000,703.660.933.127.318
1925,1533600000000,6.926.116.778.774.000
1926,1533686400000,671.173.242.235.858
1927,1533772800000,6.259.527.709.667.590
1928,1533859200000,6.531.249.786.737.050
1929,1533945600000,6.166.590.417.501.740
1930,1534032000000,6.205.218.479.944.850
1931,1534118400000,6.318.407.221.774.420
1932,1534204800000,628.399.625.058.153
1933,1534291200000,62.122.260.400.556.100
1934,1534377600000,626.776.870.877.378
1935,1534464000000,6.309.385.226.218.990
1936,1534550400000,6.566.715.163.377.380
1937,1534636800000,63.820.605.914.076.000
1938,1534723200000,6.475.494.019.667.370
1939,1534809600000,62.428.824.384.007.900
1940,1534896000000,6.467.271.730.309.670
1941,1534982400000,63.366.563.271.087.000
1942,1535068800000,6.521.065.718.268.500
1943,1535155200000,6.684.379.144.206.670
1944,1535241600000,6.736.036.057.516.450
1945,1535328000000,67.282.880.026.290.000
1946,1535414400000,6.911.096.028.949.570
1947,1535500800000,70.759.834.051.051
1948,1535587200000,7.046.748.947.280.630
1949,1535673600000,702.414.510.718.162
1950,1535760000000,7.027.631.279.401.850
1951,1535846400000,7.211.270.767.868.820
1952,1535932800000,7.305.272.801.003.750
1953,1536019200000,7.260.897.516.647.860
1954,1536105600000,7.359.462.992.923.020
1955,1536192000000,6.764.926.773.778.220
1956,1536278400000,64.982.796.126.096.500
1957,1536364800000,639.781.887.024.023
1958,1536451200000,618.119.445.075.213
1959,1536537600000,6.260.764.806.062.470
1960,1536624000000,6.308.135.474.616.620
1961,1536710400000,6.278.917.069.628.550
1962,1536796800000,6.330.574.238.022.660
1963,1536883200000,6.486.461.630.393.610
1964,1536969600000,650.001.225.461.663
1965,1537056000000,6.530.221.146.234.660
1966,1537142400000,6.506.248.493.217.290
1967,1537228800000,6.250.121.727.322.720
1968,1537315200000,6.347.069.255.451.600
1969,1537401600000,6.383.753.841.158.380
1970,1537488000000,6.491.885.242.276.880
1971,1537574400000,67.538.344.721.403.200
1972,1537660800000,6.747.032.172.960.020
1973,1537747200000,6.711.029.451.815.930
1974,1537833600000,6.596.187.313.045.570
1975,1537920000000,6.441.311.544.542.550
1976,1538006400000,6.462.795.635.292.230
1977,1538092800000,6.704.704.245.729.720
1978,1538179200000,6.634.765.964.572.900
1979,1538265600000,6.606.073.795.422.070
1980,1538352000000,6.626.037.956.098.480
1981,1538438400000,6.598.841.259.755.170
1982,1538524800000,652.460.769.791.521
1983,1538611200000,6.499.262.379.115.210
1984,1538697600000,6.578.701.809.284.840
1985,1538784000000,6.621.189.363.919.910
1986,1538870400000,6.589.124.681.678.880
1987,1538956800000,6.584.832.153.052.510
1988,1539043200000,6.653.089.450.830.420
1989,1539129600000,6.633.745.729.917.170
1990,1539216000000,6.582.455.082.387.100
1991,1539302400000,6.234.367.641.454.440
1992,1539388800000,6.285.592.982.799.840
1993,1539475200000,6.314.883.384.422.570
1994,1539561600000,6.328.554.760.034.420
1995,1539648000000,665.987.550.840.943
1996,1539734400000,6.635.125.667.516.830
1997,1539820800000,6.635.741.832.487.940
1998,1539907200000,6.517.511.087.710.530
1999,1539993600000,6.483.827.769.471.790
2000,1540080000000,6.532.678.750.383.800
2001,1540166400000,6.529.670.021.370.840
2002,1540252800000,6.512.589.059.298.920
2003,1540339200000,6.472.799.660.641.590
2004,1540425600000,6.481.443.589.558.080
2005,1540512000000,6.458.191.521.836.800
2006,1540598400000,6.468.826.424.965.610
2007,1540684800000,6.457.058.635.186.670
2008,1540771200000,6.481.323.141.667.600
2009,1540857600000,62.926.479.239.344
2010,1540944000000,6.331.781.807.909.800
2011,1541030400000,6.366.720.109.554.250
2012,1541116800000,6.379.972.972.168.420
2013,1541203200000,64.254.415.830.402.000
2014,1541289600000,63.881.897.883.073.700
2015,1541376000000,6.351.061.941.056.280
2016,1541462400000,6.415.443.408.541.090
2017,1541548800000,6.474.847.290.336.680
2018,1541635200000,6.574.801.180.290.010
2019,1541721600000,6.490.454.730.761.750
2020,1541808000000,641.378.203.857.173
2021,1541894400000,6.429.898.792.074.210
2022,1541980800000,64.342.845.969.255.400
2023,1542067200000,6.411.353.436.205.140
2024,1542153600000,6.394.289.276.264.060
2025,1542240000000,5.788.612.494.046.970
2026,1542326400000,5.686.541.131.058.270
2027,1542412800000,5.609.956.182.334.200
2028,1542499200000,55.991.915.956.893.000
2029,1542585600000,5.638.861.481.452.390
2030,1542672000000,4.889.197.859.239.110
2031,1542758400000,4.450.711.454.417.820
2032,1542844800000,461.344.841.218.385
2033,1542931200000,4.307.388.731.717.260
2034,1543017600000,4.376.904.946.801.550
2035,1543104000000,38.958.368.129.589.800
2036,1543190400000,4.039.836.551.137.430
2037,1543276800000,38.119.235.292.664.900
2038,1543363200000,383.292.451.590.069
2039,1543449600000,4.267.243.628.990.650
2040,1543536000000,4.279.475.592.548.710
2041,1543622400000,40.096.895.798.259.900
2042,1543708800000,4.189.573.822.999.850
2043,1543795200000,4.124.593.548.643.210
2044,1543881600000,38.788.392.347.832.700
2045,1543968000000,39.436.928.120.656.000
2046,1544054400000,3.751.691.966.395.660
2047,1544140800000,3.466.763.863.771.730
2048,1544227200000,34.085.236.170.431.200
2049,1544313600000,34.247.058.606.626.000
2050,1544400000000,3.550.546.433.896.880
2051,1544486400000,34.338.084.404.312.700
2052,1544572800000,3.378.808.778.413.100
2053,1544659200000,34.381.000.735.289.800
2054,1544745600000,3.294.636.156.545.260
2055,1544832000000,32.166.271.499.079.400
2056,1544918400000,32.219.762.037.129.900
2057,1545004800000,32.170.468.349.697.400
2058,1545091200000,35.062.170.132.794.800
2059,1545177600000,3.655.775.045.729.800
2060,1545264000000,3.687.750.553.192.720
2061,1545350400000,4.065.097.238.010.120
2062,1545436800000,38.462.274.979.885.700
2063,1545523200000,3.960.567.773.408.030
2064,1545609600000,3.941.617.740.158.320
2065,1545696000000,4.021.990.255.345.400
2066,1545782400000,37.591.784.268.965.600
2067,1545868800000,3.781.613.081.593.350
2068,1545955200000,3.587.703.880.138.810
2069,1546041600000,38.544.210.969.825.900
2070,1546128000000,3.778.193.939.889.600
2071,1546214400000,38.097.282.286.410.900
2072,1546300800000,36.925.315.655.246.900
2073,1546387200000,37.942.642.537.397.100
2074,1546473600000,38.721.721.842.228.900
2075,1546560000000,3.776.525.807.694.100
2076,1546646400000,3.815.268.079.882.630
2077,1546732800000,37.873.078.571.242.800
2078,1546819200000,40.135.200.912.973.800
2079,1546905600000,39.896.687.175.387.600
2080,1546992000000,39.735.912.546.157.800
2081,1547078400000,39.822.259.127.624.000
2082,1547164800000,36.238.477.291.056.700
2083,1547251200000,3.632.849.306.434.780
2084,1547337600000,35.984.363.465.618.800
2085,1547424000000,3.495.832.311.307.430
2086,1547510400000,364.804.828.565.649
2087,1547596800000,3.567.801.243.199.200
2088,1547683200000,35.976.473.233.295.900
2089,1547769600000,36.209.812.811.457.200
2090,1547856000000,35.977.932.517.701.500
2091,1547942400000,3.674.587.270.857.300
2092,1548028800000,3.539.167.531.041.020
2093,1548115200000,3.531.004.182.799.930
2094,1548201600000,35.712.669.080.928.600
2095,1548288000000,35.557.000.025.226.200
2096,1548374400000,35.656.420.046.170.300
2097,1548460800000,3.564.822.417.111.420
2098,1548547200000,3.563.614.563.419.140
2099,1548633600000,3.553.121.681.129.770
2100,1548720000000,3.432.215.668.301.240
2101,1548806400000,34.133.754.832.497.900
2102,1548892800000,34.578.826.491.759.800
2103,1548979200000,3.431.943.637.864.450
2104,1549065600000,3.464.490.147.562.150
2105,1549152000000,3.486.581.616.258.020
2106,1549238400000,3.454.025.843.825.180
2107,1549324800000,3.464.003.508.861.080
2108,1549411200000,34.698.946.770.792.600
2109,1549497600000,3.405.836.861.256.710
2110,1549584000000,33.940.146.529.587.200
2111,1549670400000,36.642.821.026.589.800
2112,1549756800000,36.674.082.642.899.500
2113,1549843200000,36.756.916.291.247.200
2114,1549929600000,3.631.444.539.729.940
2115,1550016000000,36.339.650.467.461.100
2116,1550102400000,36.100.622.730.634.000
2117,1550188800000,3.589.661.829.626.310
2118,1550275200000,36.012.291.913.968.600
2119,1550361600000,36.225.916.530.750.700
2120,1550448000000,3.665.075.530.800.720
2121,1550534400000,38.865.202.004.751.300
2122,1550620800000,39.150.099.712.770.500
2123,1550707200000,3.976.808.906.528.990
2124,1550793600000,3.934.813.593.894.810
2125,1550880000000,39.736.413.227.746.300
2126,1550966400000,41.153.379.267.876.600
2127,1551052800000,3.742.868.946.700.380
2128,1551139200000,3.824.683.504.217.100
2129,1551225600000,3.809.209.774.682.020
2130,1551312000000,3.813.377.891.881.290
2131,1551398400000,38.156.076.075.249.800
2132,1551484800000,3.815.753.939.922.750
2133,1551571200000,3.819.645.730.582.580
2134,1551657600000,38.069.542.737.979.500
2135,1551744000000,3.712.812.457.297.790
2136,1551830400000,3.852.461.665.785.480
2137,1551916800000,3.860.510.762.380.680
2138,1552003200000,3.871.637.247.965.990
2139,1552089600000,3.861.879.307.396.140
2140,1552176000000,3.941.600.873.271.770
2141,1552262400000,3.923.559.788.806.430
2142,1552348800000,38.603.592.300.287.100
2143,1552435200000,3.876.480.852.754.640
2144,1552521600000,3.865.817.782.663.380
2145,1552608000000,38.766.987.080.329.500
2146,1552694400000,3.925.460.579.704.570
2147,1552780800000,4.007.709.463.818.870
2148,1552867200000,39.809.901.047.320.200
2149,1552953600000,39.867.068.940.461.400
2150,1553040000000,40.135.769.693.454.800
2151,1553126400000,404.557.263.350.974
2152,1553212800000,3.983.317.781.297.360
2153,1553299200000,39.891.584.912.154.500
2154,1553385600000,4.008.945.386.314.750
2155,1553472000000,3.993.394.900.459.540
2156,1553558400000,3.927.577.296.521.430
2157,1553644800000,3.938.659.743.156.940
2158,1553731200000,40.361.609.179.207.600
2159,1553817600000,40.283.913.011.796.200
2160,1553904000000,4.103.322.859.513.960
2161,1553990400000,4.103.856.421.333.920
2162,1554076800000,4.103.521.738.549.330
2163,1554163200000,4.146.321.927.706.630
2164,1554249600000,4.862.230.427.766.910
2165,1554336000000,4.955.831.824.018.290
2166,1554422400000,4.899.021.553.783.280
2167,1554508800000,5.014.955.826.888.760
2168,1554595200000,5.041.869.075.888.300
2169,1554681600000,517.697.788.362.072
2170,1554768000000,526.689.477.647.303
2171,1554854400000,51.721.752.647.597.000
2172,1554940800000,5.308.905.683.164.440
2173,1555027200000,504.779.316.241.402
2174,1555113600000,508.246.515.242.293
2175,1555200000000,5.072.987.191.337.880
2176,1555286400000,5.149.314.492.798.120
2177,1555372800000,5.039.881.017.404.400
2178,1555459200000,5.213.598.376.962.080
2179,1555545600000,5.218.957.150.384.520
2180,1555632000000,5.274.767.013.336.500
2181,1555718400000,5.280.354.444.383.000
2182,1555804800000,5.307.689.183.437.130
2183,1555891200000,5.311.164.840.299.270
2184,1555977600000,5.380.935.789.575.580
2185,1556064000000,55.579.257.276.108.300
2186,1556150400000,5.452.101.753.394.460
2187,1556236800000,5.203.088.598.730.700
2188,1556323200000,5.295.847.320.048.220
2189,1556409600000,5.256.977.802.474.050
2190,1556496000000,5.257.803.249.232.500
2191,1556582400000,5.199.755.008.563.460
2192,1556668800000,5.292.803.974.562.050
2193,1556755200000,53.545.868.001.739.600
2194,1556841600000,5.450.706.620.486.420
2195,1556928000000,5.731.493.099.606.550
2196,1557014400000,5.803.943.309.048.430
2197,1557100800000,5.749.323.780.460.320
2198,1557187200000,57.157.571.359.661.000
2199,1557273600000,5.841.053.771.273.750
2200,1557360000000,5.957.856.732.858.390
2201,1557446400000,6.168.268.996.398.250
2202,1557532800000,6.370.233.758.607.850
2203,1557619200000,7.258.261.280.655.220
2204,1557705600000,695.375.138.858.638
2205,1557792000000,780.598.164.948.938
2206,1557878400000,7.990.055.553.534.350
2207,1557964800000,8.192.223.138.952.010
2208,1558051200000,7.875.913.199.526.060
2209,1558137600000,7.343.371.457.162.990
2210,1558224000000,7.300.655.158.341.220
2211,1558310400000,8.168.730.689.783.750
2212,1558396800000,7.976.851.712.899.620
2213,1558483200000,7.958.365.526.075.080
2214,1558569600000,766.579.685.383.355
2215,1558656000000,7.861.812.792.465.440
2216,1558742400000,7.977.244.882.467.970
2217,1558828800000,8.037.627.431.860.580
2218,1558915200000,8.631.080.577.844.010
2219,1559001600000,881.603.391.493.351
2220,1559088000000,8.726.978.110.456.390
2221,1559174400000,8.650.677.405.968.290
2222,1559260800000,8.310.891.063.057.410
2223,1559347200000,8.575.646.353.354.160
2224,1559433600000,8.554.261.728.092.010
2225,1559520000000,8.743.705.469.134.230
2226,1559606400000,8.173.632.761.796.730
2227,1559692800000,7.683.636.261.419.780
2228,1559779200000,781.244.885.473.215
2229,1559865600000,7.821.123.897.094.850
2230,1559952000000,8.036.108.159.122.210
2231,1560038400000,7.942.539.284.064.280
2232,1560124800000,7.668.029.627.860.180
2233,1560211200000,8.002.729.982.894.040
2234,1560297600000,7.897.975.476.598.360
2235,1560384000000,814.505.909.812.096
2236,1560470400000,8.227.625.725.590.900
2237,1560556800000,8.671.505.388.660.790
2238,1560643200000,8.818.609.506.932.290
2239,1560729600000,897.877.258.780.693
2240,1560816000000,9.312.868.294.808.700
2241,1560902400000,9.094.021.746.079.210
2242,1560988800000,9.285.928.674.251.470
2243,1561075200000,954.831.456.526.146
2244,1561161600000,10.118.359.455.626.800
2245,1561248000000,10.704.922.148.115.600
2246,1561334400000,1.084.612.509.964.760
2247,1561420800000,11.045.550.419.814.800
2248,1561507200000,11.808.419.904.075.800
2249,1561593600000,12.996.124.342.788.600
2250,1561680000000,11.178.682.998.186.500
2251,1561766400000,1.235.219.686.591.260
2252,1561852800000,11.972.555.667.220.900
2253,1561939200000,10.888.097.181.679.700
2254,1562025600000,10.639.046.292.232.000
2255,1562112000000,10.822.764.178.376.400
2256,1562198400000,11.975.637.393.818.800
2257,1562284800000,1.122.960.561.912.490
2258,1562371200000,10.987.248.856.214.600
2259,1562457600000,11.279.476.377.672.400
2260,1562544000000,11.436.430.746.923.800
2261,1562630400000,1.226.028.269.787.260
2262,1562716800000,12.544.167.261.709.200
2263,1562803200000,12.166.398.288.868.600
2264,1562889600000,11.385.060.490.564.500
2265,1562976000000,11.804.562.793.905.400
2266,1563062400000,11.418.511.855.491.400
2267,1563148800000,10.285.461.109.066.900
2268,1563235200000,10.911.345.158.309.600
2269,1563321600000,9.538.827.124.243.860
2270,1563408000000,9.657.303.101.319.070
2271,1563494400000,10.636.155.728.360.600
2272,1563580800000,10.536.565.849.576.100
2273,1563667200000,10.774.281.137.633.800
2274,1563753600000,10.607.463.560.702.100
2275,1563840000000,10.343.318.139.598.300
2276,1563926400000,9.936.380.762.347.030
2277,1564012800000,9.799.306.312.967.930
2278,1564099200000,987.823.193.291.115
2279,1564185600000,9.845.999.447.078.500
2280,1564272000000,9.447.678.401.413.300
2281,1564358400000,9.534.755.426.833.230
2282,1564444800000,9.510.593.552.181.640
2283,1564531200000,9.568.437.452.164.310
2284,1564617600000,10.062.996.285.663.300
2285,1564704000000,10.361.312.000.080.600
2286,1564790400000,10.529.171.907.427.600
2287,1564876800000,10.791.200.523.159
2288,1564963200000,10.951.593.834.840.000
2289,1565049600000,11.818.525.531.066.100
2290,1565136000000,11.510.164.154.730.000
2291,1565222400000,11.970.657.556.451.900
2292,1565308800000,12.024.331.570.998.200
2293,1565395200000,11.852.561.606.995.500
2294,1565481600000,11.327.842.642.233.200
2295,1565568000000,11.549.998.354.322.400
2296,1565654400000,11.381.241.355.678.500
2297,1565740800000,109.036.549.918.801
2298,1565827200000,10.016.217.389.275.200
2299,1565913600000,1.029.587.714.290.960
2300,1566000000000,10.324.993.597.415.500
2301,1566086400000,10.224.218.706.633.900
2302,1566172800000,10.309.872.435.928.500
2303,1566259200000,1.089.597.184.442.920
2304,1566345600000,10.743.789.313.302.000
2305,1566432000000,10.124.058.214.168.900
2306,1566518400000,1.012.778.985.767.830
2307,1566604800000,10.385.509.090.033.800
2308,1566691200000,1.014.501.247.970.690
2309,1566777600000,10.090.061.576.030.900
2310,1566864000000,10.334.911.854.471.300
2311,1566950400000,10.167.889.390.020.200
2312,1567036800000,975.348.704.889.705
2313,1567123200000,9.485.141.423.780.750
2314,1567209600000,958.898.750.205.815
2315,1567296000000,9.607.289.264.302.580
2316,1567382400000,9.729.266.231.867.810
2317,1567468800000,10.323.022.660.378.000
2318,1567555200000,10.620.165.189.356.900
2319,1567641600000,10.573.515.179.027.800
2320,1567728000000,10.570.249.940.786.200
2321,1567814400000,10.350.748.325.717.200
2322,1567900800000,10.461.547.731.202.400
2323,1567987200000,10.404.333.900.445.900
2324,1568073600000,10.321.931.613.525.700
2325,1568160000000,10.121.102.297.214.300
2326,1568246400000,1.015.071.002.363.700
2327,1568334908318,10.401.319.919.342.200
2328,1568419200000,10.355.626.898.620.000
2329,1568505600000,10.349.551.958.231.700
2330,1568592000000,10.305.675.020.156.900
2331,1568678400000,10.268.421.696.882.100
2332,1568764800000,10.203.071.046.816.100
2333,1568851200000,10.158.854.517.376.000
2334,1568937600000,10.253.232.374.680.300
2335,1569024000000,10.178.442.572.698.100
2336,1569110400000,9.997.199.887.816.770
2337,1569200400000,10.041.304.200.624.900
2338,1569283200000,9.699.504.938.095.950
2339,1569369600000,8.702.713.528.026.230
2340,1569456000000,8.446.244.115.548.520
2341,1569542400000,809.880.982.048.931
2342,1569628800000,8.183.482.347.567.020
2343,1569715200000,822.511.037.185.192
2344,1569801600000,8.064.380.983.385.260
2345,1569888000000,8.271.290.855.465.350
2346,1569974400000,8.366.503.905.663.560
2347,1570060800000,8.366.503.905.663.560
2348,1570147200000,8.176.354.679.406.580
2349,1570233600000,8.156.519.553.840.960
2350,1570320000000,8.140.242.484.268.420
2351,1570406400000,7.890.234.349.864.650
2352,1570492800000,8.182.251.593.084.190
2353,1570579200000,818.069.113.018.462
2354,1570694440000,8.599.865.398.316.230
