Date,Symbol,Open,High,Low,Close,Volume BTC,Volume USD,calendar_week
2019-12-15,BTCUSD,7074.64,7074.64,7056.46,7056.46,0.0,0.0,50
2019-12-14,BTCUSD,7250.14,7265.4,7010.01,7074.64,451.64,3230712.85,50
2019-12-13,BTCUSD,7193.42,7297.6,7193.42,7250.14,599.86,4346965.97,50
2019-12-12,BTCUSD,7200.5,7299.39,7082.93,7193.42,874.33,6291003.66,50
2019-12-11,BTCUSD,7221.4,7267.84,7130.0,7200.5,729.61,5251599.7,50
2019-12-10,BTCUSD,7340.21,7395.0,7167.5,7221.4,610.05,4437108.77,50
2019-12-09,BTCUSD,7528.05,7652.0,7287.09,7340.21,991.53,7411846.4,50
2019-12-08,BTCUSD,7500.0,7575.25,7392.54,7528.05,315.24,2362732.53,49
2019-12-07,BTCUSD,7543.71,7636.39,7480.0,7500.0,478.54,3609680.26,49
2019-12-06,BTCUSD,7393.19,7607.07,7305.0,7543.71,930.51,6942049.92,49
2019-12-05,BTCUSD,7192.73,7485.0,7160.75,7393.19,1172.91,8600567.95,49
2019-12-04,BTCUSD,7301.37,7820.75,7091.59,7192.73,2190.23,16114965.49,49
2019-12-03,BTCUSD,7301.55,7413.27,7245.6,7301.37,865.63,6340876.72,49
2019-12-02,BTCUSD,7400.18,7429.49,7170.01,7301.55,824.62,6016385.23,49
2019-12-01,BTCUSD,7554.19,7554.19,7242.26,7400.18,495.03,3641236.96,48
2019-11-30,BTCUSD,7758.35,7811.38,7463.0,7554.19,753.4,5782531.38,48
2019-11-29,BTCUSD,7430.53,7860.95,7414.79,7758.35,1033.52,7933376.34,48
2019-11-28,BTCUSD,7520.11,7651.63,7375.03,7430.53,752.33,5664293.82,48
2019-11-27,BTCUSD,7162.9,7669.56,6849.95,7520.11,1919.48,14108262.94,48
2019-11-26,BTCUSD,7121.7,7338.99,7028.27,7162.9,1149.11,8193498.76,48
2019-11-25,BTCUSD,6912.89,7376.9,6523.92,7121.7,2768.35,19207151.12,48
2019-11-24,BTCUSD,7329.11,7344.86,6862.28,6912.89,963.48,6826904.65,47
2019-11-23,BTCUSD,7286.95,7349.22,7112.51,7329.11,756.68,5486332.26,47
2019-11-22,BTCUSD,7615.0,7718.29,6789.0,7286.95,3543.08,25436887.51,47
2019-11-21,BTCUSD,8079.0,8117.35,7387.54,7615.0,2283.08,17488088.89,47
2019-11-20,BTCUSD,8120.8,8218.0,8028.05,8079.0,881.73,7141546.27,47
2019-11-19,BTCUSD,8174.11,8198.73,8000.0,8120.8,874.03,7074189.1,47
2019-11-18,BTCUSD,8500.0,8500.0,8033.48,8174.11,1162.09,9632087.4,47
2019-11-17,BTCUSD,8479.81,8627.79,8382.61,8500.0,355.79,3032221.34,46
2019-11-16,BTCUSD,8457.18,8526.08,8430.16,8479.81,245.23,2077802.63,46
2019-11-15,BTCUSD,8626.66,8774.0,8368.33,8457.18,1409.05,12026484.12,46
2019-11-14,BTCUSD,8761.75,8787.0,8562.83,8626.66,822.15,7108631.27,46
2019-11-13,BTCUSD,8814.3,8834.98,8706.79,8761.75,580.97,5082929.45,46
2019-11-12,BTCUSD,8721.54,8875.53,8561.12,8814.3,892.0,7779033.3,46
2019-11-11,BTCUSD,9040.12,9065.58,8600.0,8721.54,613.48,5376110.37,46
2019-11-10,BTCUSD,8809.33,9130.88,8749.02,9040.12,540.05,4851500.83,45
2019-11-09,BTCUSD,8768.14,8877.36,8725.0,8809.33,306.34,2693884.73,45
2019-11-08,BTCUSD,9202.17,9250.0,8670.03,8768.14,1223.47,10869425.3,45
2019-11-07,BTCUSD,9350.07,9369.04,9084.95,9202.17,795.25,7332702.98,45
2019-11-06,BTCUSD,9318.5,9445.38,9260.15,9350.07,740.79,6908137.55,45
2019-11-05,BTCUSD,9415.61,9478.0,9177.0,9318.5,997.59,9298267.48,45
2019-11-04,BTCUSD,9200.0,9600.0,9135.0,9415.61,1016.03,9537908.52,45
2019-11-03,BTCUSD,9307.58,9386.45,9075.0,9200.0,333.42,3074478.09,44
2019-11-02,BTCUSD,9246.88,9388.13,9206.91,9307.58,445.11,4144185.8,44
2019-11-01,BTCUSD,9154.0,9299.99,9064.47,9246.88,895.77,8213720.19,44
2019-10-31,BTCUSD,9171.01,9426.18,8962.5,9154.0,1073.84,9843833.18,44
2019-10-30,BTCUSD,9432.41,9436.28,9001.71,9171.01,889.9,8170035.3,44
2019-10-29,BTCUSD,9219.51,9555.57,9072.5,9432.41,1593.23,14882285.98,44
2019-10-28,BTCUSD,9547.18,9932.29,9188.19,9219.51,1584.48,15106793.72,44
2019-10-27,BTCUSD,9272.28,9809.24,9112.86,9547.18,1686.99,16083311.03,43
2019-10-26,BTCUSD,8670.24,10610.0,8650.02,9272.28,5472.87,52400060.06,43
2019-10-25,BTCUSD,7458.57,8800.0,7400.0,8670.24,3851.34,31895226.15,43
2019-10-24,BTCUSD,7468.81,7511.99,7361.67,7458.57,745.11,5552194.26,43
2019-10-23,BTCUSD,8023.14,8052.46,7275.24,7468.81,4667.76,35233039.98,43
2019-10-22,BTCUSD,8212.76,8312.83,7996.19,8023.14,718.04,5864597.16,43
2019-10-21,BTCUSD,8227.0,8356.21,8157.84,8212.76,796.1,6545773.85,43
2019-10-20,BTCUSD,7960.0,8300.0,7882.29,8227.0,676.7,5468738.71,42
2019-10-19,BTCUSD,7960.68,8102.63,7879.79,7960.0,487.22,3887996.69,42
2019-10-18,BTCUSD,8074.43,8119.27,7815.1,7960.68,970.49,7717392.03,42
2019-10-17,BTCUSD,8002.22,8120.6,7941.11,8074.43,715.7,5753027.72,42
2019-10-16,BTCUSD,8162.95,8179.1,7915.0,8002.22,1231.8,9880319.18,42
2019-10-15,BTCUSD,8355.87,8410.13,8082.77,8162.95,1196.86,9826685.18,42
2019-10-14,BTCUSD,8275.99,8406.66,8220.39,8355.87,591.01,4919171.59,42
2019-10-13,BTCUSD,8314.22,8470.0,8152.4,8275.99,635.28,5279965.57,41
2019-10-12,BTCUSD,8272.76,8424.37,8262.87,8314.22,360.56,3017229.73,41
2019-10-11,BTCUSD,8589.51,8812.61,8213.25,8272.76,1648.89,13941841.59,41
2019-10-10,BTCUSD,8592.01,8655.0,8460.04,8589.51,887.29,7593516.5,41
2019-10-09,BTCUSD,8188.17,8707.38,8127.22,8592.01,1812.82,15354979.27,41
2019-10-08,BTCUSD,8208.67,8340.94,8110.31,8188.17,714.41,5859885.38,41
2019-10-07,BTCUSD,7860.01,8311.11,7774.02,8208.67,1115.02,9037861.33,41
2019-10-06,BTCUSD,8150.97,8169.73,7778.7,7860.01,999.06,7921427.26,40
2019-10-05,BTCUSD,8157.3,8196.66,8028.88,8150.97,234.18,1900266.7,40
2019-10-04,BTCUSD,8206.45,8239.63,8000.0,8157.3,864.02,7033721.77,40
2019-10-03,BTCUSD,8384.51,8411.2,8069.51,8206.45,1186.98,9736294.69,40
2019-10-02,BTCUSD,8330.62,8395.0,8180.0,8384.51,1705.78,14097119.58,40
2019-10-01,BTCUSD,8301.76,8531.25,8201.64,8330.62,1640.46,13721824.11,40
2019-09-30,BTCUSD,8056.19,8368.45,7705.5,8301.76,2580.78,20925405.99,40
2019-09-29,BTCUSD,8227.28,8242.6,7906.15,8056.19,730.91,5862130.88,39
2019-09-28,BTCUSD,8197.0,8347.44,8022.5,8227.28,1064.94,8720080.65,39
2019-09-27,BTCUSD,8065.1,8281.99,7860.0,8197.0,1713.69,13772810.94,39
2019-09-26,BTCUSD,8431.9,8458.43,7718.0,8065.1,5752.48,46120162.04,39
2019-09-25,BTCUSD,8543.36,8745.0,8221.21,8431.9,2894.52,24390800.24,39
2019-09-24,BTCUSD,9693.28,9776.27,7991.18,8543.36,9639.39,83653880.08,39
2019-09-23,BTCUSD,10031.31,10047.83,9615.75,9693.28,2114.59,20720560.84,39
2019-09-22,BTCUSD,9980.93,10091.19,9849.09,10031.31,326.62,3253066.48,38
2019-09-21,BTCUSD,10168.86,10171.0,9922.51,9980.93,471.15,4721665.12,38
2019-09-20,BTCUSD,10239.97,10274.9,10057.55,10168.86,925.3,9402772.44,38
2019-09-19,BTCUSD,10162.8,10385.31,9592.5,10239.97,2523.2,25233373.42,38
2019-09-18,BTCUSD,10192.0,10262.52,9900.0,10162.8,1758.53,17848742.91,38
2019-09-17,BTCUSD,10271.26,10282.91,10139.73,10192.0,661.45,6760798.55,38
2019-09-16,BTCUSD,10314.68,10375.66,10087.5,10271.26,1159.35,11849977.22,38
2019-09-15,BTCUSD,10360.29,10386.6,10271.0,10314.68,322.41,3325590.24,37
2019-09-14,BTCUSD,10359.27,10444.02,10232.04,10360.29,288.31,2986871.05,37
2019-09-13,BTCUSD,10432.63,10454.48,10156.59,10359.27,833.16,8581848.02,37
2019-09-12,BTCUSD,10161.12,10465.63,10033.92,10432.63,832.65,8561171.19,37
2019-09-11,BTCUSD,10100.0,10308.15,9866.43,10161.12,1137.39,11485136.14,37
2019-09-10,BTCUSD,10313.99,10392.72,9925.0,10100.0,1143.71,11530517.16,37
2019-09-09,BTCUSD,10406.94,10542.55,10067.5,10313.99,1323.33,13627271.9,37
2019-09-08,BTCUSD,10483.37,10593.92,10227.75,10406.94,477.84,4969512.09,36
2019-09-07,BTCUSD,10351.0,10568.67,10330.0,10483.37,656.04,6842717.34,36
2019-09-06,BTCUSD,10600.0,10972.06,10185.68,10351.0,3250.89,34342501.52,36
2019-09-05,BTCUSD,10584.13,10656.52,10458.71,10600.0,808.18,8528024.37,36
2019-09-04,BTCUSD,10625.2,10830.0,10380.42,10584.13,1470.32,15567690.42,36
2019-09-03,BTCUSD,10392.28,10775.31,10292.88,10625.2,1812.23,19192642.75,36
2019-09-02,BTCUSD,9773.12,10480.47,9750.92,10392.28,1229.01,12458747.63,36
2019-09-01,BTCUSD,9604.43,9839.6,9543.86,9773.12,402.63,3891384.21,35
2019-08-31,BTCUSD,9581.96,9699.0,9443.87,9604.43,375.44,3596661.49,35
2019-08-30,BTCUSD,9488.28,9696.3,9348.37,9581.96,1076.62,10276519.55,35
2019-08-29,BTCUSD,9726.85,9726.85,9290.3,9488.28,1984.22,18806695.1,35
2019-08-28,BTCUSD,10175.8,10290.69,9512.5,9726.85,3434.06,33607083.44,35
2019-08-27,BTCUSD,10367.23,10379.19,10026.73,10175.8,1058.26,10754088.23,35
2019-08-26,BTCUSD,10135.59,10662.57,10135.59,10367.23,2655.77,27655506.75,35
2019-08-25,BTCUSD,10151.83,10370.71,9907.5,10135.59,1085.76,10955510.62,34
2019-08-24,BTCUSD,10408.14,10433.49,9888.0,10151.83,1409.69,14191334.73,34
2019-08-23,BTCUSD,10164.82,10477.0,10056.5,10408.14,1407.79,14574367.25,34
2019-08-22,BTCUSD,10132.44,10230.57,9759.62,10164.82,1417.56,14128687.08,34
2019-08-21,BTCUSD,10747.06,10806.64,9842.51,10132.44,3066.63,31211146.68,34
2019-08-20,BTCUSD,10919.99,10950.0,10560.15,10747.06,894.4,9615670.85,34
2019-08-19,BTCUSD,10317.97,10931.51,10279.9,10919.99,1580.24,16872487.03,34
2019-08-18,BTCUSD,10198.84,10508.93,10082.79,10317.97,637.52,6586778.6,33
2019-08-17,BTCUSD,10360.22,10465.37,9981.77,10198.84,483.0,4935422.49,33
2019-08-16,BTCUSD,10297.86,10539.73,9739.58,10360.22,2266.37,22939856.93,33
2019-08-15,BTCUSD,10016.88,10445.74,9477.52,10297.86,4401.98,43998639.29,33
2019-08-14,BTCUSD,10857.49,10858.51,9896.53,10016.88,3454.39,35649467.85,33
2019-08-13,BTCUSD,11381.51,11444.13,10750.0,10857.49,2259.65,24871234.47,33
2019-08-12,BTCUSD,11527.27,11550.99,11226.82,11381.51,828.44,9426214.53,33
2019-08-11,BTCUSD,11284.24,11577.38,11091.75,11527.27,849.56,9624658.96,32
2019-08-10,BTCUSD,11857.08,11973.68,11175.0,11284.24,2708.47,30958227.19,32
2019-08-09,BTCUSD,11843.87,11961.74,11653.87,11857.08,1530.48,18065379.11,32
2019-08-08,BTCUSD,11972.53,12018.99,11468.19,11841.61,1226.61,14347239.78,32
2019-08-07,BTCUSD,11464.34,12141.68,11390.14,11972.53,3583.16,42034544.56,32
2019-08-06,BTCUSD,11815.28,12321.01,11205.72,11464.34,3586.66,42115688.5,32
2019-08-05,BTCUSD,10975.0,11950.0,10975.0,11815.28,2362.19,27509110.08,32
2019-08-04,BTCUSD,10817.34,11085.34,10580.0,10975.0,948.33,10310198.9,31
2019-08-03,BTCUSD,10528.81,10922.41,10512.32,10817.34,1264.45,13578463.94,31
2019-08-02,BTCUSD,10409.99,10677.32,10334.51,10528.81,2161.49,22710886.38,31
2019-08-01,BTCUSD,10079.54,10490.86,9893.06,10409.99,1342.2,13656281.27,31
2019-07-31,BTCUSD,9599.07,10130.58,9577.65,10079.54,1380.01,13705760.92,31
2019-07-30,BTCUSD,9504.23,9794.65,9374.5,9599.07,1266.75,12190584.07,31
2019-07-29,BTCUSD,9523.42,9720.0,9362.5,9504.23,1252.11,11909747.45,31
2019-07-28,BTCUSD,9478.3,9635.45,9110.61,9523.42,1351.67,12754755.61,30
2019-07-27,BTCUSD,9851.02,10240.45,9300.0,9478.3,2757.26,26618168.46,30
2019-07-26,BTCUSD,9910.54,9945.23,9652.01,9851.02,1331.69,13024917.35,30
2019-07-25,BTCUSD,9770.17,10183.37,9743.3,9910.54,1479.11,14804115.44,30
2019-07-24,BTCUSD,9842.72,9911.76,9509.0,9770.17,2073.98,20106456.91,30
2019-07-23,BTCUSD,10326.64,10327.38,9807.7,9842.72,2143.54,21508362.75,30
2019-07-22,BTCUSD,10590.0,10700.0,10065.67,10326.64,2168.4,22425307.96,30
2019-07-21,BTCUSD,10753.17,10827.08,10330.0,10590.0,1126.18,11910545.61,29
2019-07-20,BTCUSD,10535.46,11122.83,10373.71,10753.17,2035.8,21875586.14,29
2019-07-19,BTCUSD,10647.85,10762.5,10102.06,10535.46,2046.58,21366864.92,29
2019-07-18,BTCUSD,9703.58,10795.01,9290.0,10647.85,4253.13,43129377.04,29
2019-07-17,BTCUSD,9429.05,9981.23,9074.0,9703.58,3948.51,37629170.72,29
2019-07-16,BTCUSD,10850.0,11030.0,9358.0,9429.05,5348.53,53519126.64,29
2019-07-15,BTCUSD,10200.8,11088.44,9862.89,10850.0,3214.98,33424877.9,29
2019-07-14,BTCUSD,11374.76,11458.2,10095.0,10200.8,2302.37,24473609.99,28
2019-07-13,BTCUSD,11776.4,11847.0,10791.73,11374.76,2235.16,25120178.26,28
2019-07-12,BTCUSD,11319.42,11947.85,11082.55,11776.4,1796.69,20810164.59,28
2019-07-11,BTCUSD,12097.34,12097.34,10963.27,11320.13,4685.24,53939623.31,28
2019-07-10,BTCUSD,12570.42,13186.9,11536.35,12097.34,6346.41,78559413.01,28
2019-07-09,BTCUSD,12307.13,12832.83,12122.51,12570.42,3496.33,43658786.73,28
2019-07-08,BTCUSD,11475.07,12400.0,11332.52,12307.13,2406.04,28739475.55,28
2019-07-07,BTCUSD,11242.22,11624.88,11086.72,11475.07,828.14,9408644.03,27
2019-07-06,BTCUSD,10997.3,11722.58,10993.85,11242.22,1148.1,13112321.16,27
2019-07-05,BTCUSD,11144.85,11441.84,10760.1,10997.3,2095.27,23254456.66,27
2019-07-04,BTCUSD,11987.32,12052.86,11040.0,11144.85,2539.09,29605721.52,27
2019-07-03,BTCUSD,10833.82,12023.24,10833.82,11987.32,4604.8,52462719.44,27
2019-07-02,BTCUSD,10451.1,10915.95,9653.0,10833.82,3877.44,40051728.82,27
2019-07-01,BTCUSD,10746.0,11199.59,9960.0,10451.1,5301.52,55874250.19,27
2019-06-30,BTCUSD,11885.94,12197.03,10642.07,10746.0,3327.58,37480404.66,26
2019-06-29,BTCUSD,12388.24,12388.24,11200.0,11885.94,2819.35,33306314.31,26
2019-06-28,BTCUSD,11143.74,12436.0,10738.17,12388.24,3871.68,45240001.55,26
2019-06-27,BTCUSD,12936.45,13359.99,10299.0,11143.74,9062.65,104698562.75,26
2019-06-26,BTCUSD,11759.9,13858.37,11454.8,12936.45,10928.35,138561002.61,26
2019-06-25,BTCUSD,11035.0,11791.53,11000.48,11759.9,3011.26,34134572.62,26
2019-06-24,BTCUSD,10842.82,11090.0,10531.2,11035.0,2015.97,21872075.9,26
2019-06-23,BTCUSD,10676.48,11200.0,10490.0,10842.82,1833.2,19739732.25,25
2019-06-22,BTCUSD,10233.92,11201.0,10085.83,10676.48,5157.34,55101511.44,25
2019-06-21,BTCUSD,9534.88,10243.82,9532.61,10233.92,3004.88,29641395.42,25
2019-06-20,BTCUSD,9282.65,9605.44,9211.96,9534.88,1988.86,18731396.88,25
2019-06-19,BTCUSD,9084.31,9324.25,9039.34,9282.65,2017.16,18441752.37,25
2019-06-18,BTCUSD,9331.03,9360.74,8930.45,9084.31,2560.82,23356172.21,25
2019-06-17,BTCUSD,8989.89,9472.0,8977.38,9331.03,2980.05,27579721.71,25
2019-06-16,BTCUSD,8853.3,9386.98,8800.04,8989.89,3091.45,28115796.41,24
2019-06-15,BTCUSD,8699.71,8911.6,8627.97,8853.3,920.94,8066115.81,24
2019-06-14,BTCUSD,8256.09,8729.17,8185.0,8699.71,1508.91,12721601.77,24
2019-06-13,BTCUSD,8176.44,8329.13,8048.33,8256.09,971.21,7973955.55,24
2019-06-12,BTCUSD,7920.63,8290.2,7826.63,8176.44,1842.96,14960297.53,24
2019-06-11,BTCUSD,8024.35,8056.23,7710.12,7920.63,1084.97,8543584.1,24
2019-06-10,BTCUSD,7643.46,8095.19,7525.67,8024.35,1339.71,10598733.14,24
2019-06-09,BTCUSD,7936.35,7962.68,7510.0,7643.46,586.97,4524910.5,23
2019-06-08,BTCUSD,8002.98,8058.34,7787.78,7936.35,428.02,3387033.93,23
2019-06-07,BTCUSD,7801.0,8130.0,7766.0,8002.98,1726.06,13745563.26,23
2019-06-06,BTCUSD,7791.42,7876.91,7450.0,7801.0,1396.41,10729066.54,23
2019-06-05,BTCUSD,7682.81,7923.98,7570.65,7791.42,1914.1,14866239.17,23
2019-06-04,BTCUSD,8110.99,8110.99,7440.83,7682.81,6700.56,52363586.43,23
2019-06-03,BTCUSD,8745.75,8745.75,8030.32,8110.99,2748.44,23018359.18,23
2019-06-02,BTCUSD,8566.1,8831.69,8546.38,8745.75,505.65,4397819.2,22
2019-06-01,BTCUSD,8516.2,8621.0,8458.34,8566.1,641.3,5483092.32,22
2019-05-31,BTCUSD,8273.76,8554.96,8114.72,8516.2,2416.2,20222979.67,22
2019-05-30,BTCUSD,8659.18,9094.51,8000.0,8273.76,4602.24,39405604.11,22
2019-05-29,BTCUSD,8726.4,8760.0,8431.15,8659.18,1898.49,16374194.94,22
2019-05-28,BTCUSD,8781.16,8823.75,8550.0,8726.4,2265.02,19669909.45,22
2019-05-27,BTCUSD,8750.01,8946.0,8629.02,8781.16,2344.39,20634713.19,22
2019-05-26,BTCUSD,8074.87,8786.32,7891.47,8750.01,2687.87,22739403.12,21
2019-05-25,BTCUSD,8004.36,8149.5,7947.79,8074.87,710.61,5715577.55,21
2019-05-24,BTCUSD,7879.92,8180.0,7800.0,8004.36,1574.28,12636731.56,21
2019-05-23,BTCUSD,7620.0,7983.03,7470.9,7879.92,1829.05,14142701.87,21
2019-05-22,BTCUSD,7954.49,8044.08,7504.0,7620.0,2278.64,17802633.09,21
2019-05-21,BTCUSD,8003.97,8111.32,7809.64,7954.49,1817.9,14456002.87,21
2019-05-20,BTCUSD,8192.44,8198.02,7576.35,8003.97,3771.45,29874745.8,21
2019-05-19,BTCUSD,7262.52,8304.56,7257.75,8192.44,2486.79,19707773.03,20
2019-05-18,BTCUSD,7361.92,7488.21,7210.98,7262.52,1254.0,9211267.03,20
2019-05-17,BTCUSD,7881.38,7941.51,6630.41,7361.92,8410.19,60482380.56,20
2019-05-16,BTCUSD,8198.47,8380.0,7665.47,7881.38,3821.51,30539555.78,20
2019-05-15,BTCUSD,7995.48,8299.5,7840.82,8198.47,3420.5,27667357.92,20
2019-05-14,BTCUSD,7822.67,8342.0,7625.0,7995.48,5334.13,42471157.08,20
2019-05-13,BTCUSD,6976.25,8170.0,6869.09,7822.67,8023.11,62026698.03,20
2019-05-12,BTCUSD,7227.75,7578.83,6760.0,6976.25,9696.46,69215337.68,19
2019-05-11,BTCUSD,6378.01,7445.45,6354.69,7227.75,5637.01,39089913.34,19
2019-05-10,BTCUSD,6146.18,6427.25,6110.3,6378.01,3414.36,21471495.1,19
2019-05-09,BTCUSD,5935.1,6170.33,5935.01,6146.18,2355.05,14242761.9,19
2019-05-08,BTCUSD,5745.0,5989.98,5653.65,5935.1,1892.96,11041418.25,19
2019-05-07,BTCUSD,5686.65,5969.51,5686.65,5745.0,2855.5,16703547.42,19
2019-05-06,BTCUSD,5715.3,5758.31,5570.0,5686.65,1451.05,8225288.67,19
2019-05-05,BTCUSD,5769.51,5778.4,5630.63,5715.3,595.99,3404654.18,18
2019-05-04,BTCUSD,5660.3,5837.2,5511.01,5769.51,1980.52,11274205.0,18
2019-05-03,BTCUSD,5391.01,5800.02,5365.2,5660.3,3157.7,17825555.95,18
2019-05-02,BTCUSD,5329.97,5421.33,5306.95,5391.01,1714.31,9215150.95,18
2019-05-01,BTCUSD,5266.34,5358.3,5266.34,5329.97,1333.42,7081712.62,18
2019-04-30,BTCUSD,5149.86,5285.02,5133.08,5266.34,1713.74,8956863.33,18
2019-04-29,BTCUSD,5157.02,5189.14,5071.48,5149.86,1127.6,5803458.66,18
2019-04-28,BTCUSD,5174.18,5213.66,5103.74,5157.02,562.51,2906203.15,17
2019-04-27,BTCUSD,5140.38,5217.4,5119.47,5174.18,947.36,4896922.06,17
2019-04-26,BTCUSD,5138.43,5290.47,5046.15,5140.38,2655.37,13663191.88,17
2019-04-25,BTCUSD,5445.16,5515.4,4976.13,5138.43,3794.34,19789652.85,17
2019-04-24,BTCUSD,5538.25,5624.58,5376.53,5445.16,3427.55,18821335.83,17
2019-04-23,BTCUSD,5390.0,5643.97,5366.89,5538.25,3211.67,17832484.4,17
2019-04-22,BTCUSD,5296.26,5439.99,5256.77,5390.0,1605.17,8587378.49,17
2019-04-21,BTCUSD,5321.31,5342.23,5215.53,5296.26,754.94,3987312.14,16
2019-04-20,BTCUSD,5286.63,5358.02,5265.78,5321.31,536.65,2852403.58,16
2019-04-19,BTCUSD,5283.73,5358.64,5197.38,5286.63,1345.75,7082655.26,16
2019-04-18,BTCUSD,5246.1,5315.48,5226.96,5283.73,1658.46,8737964.94,16
2019-04-17,BTCUSD,5203.65,5271.87,5177.37,5246.1,2396.04,12519648.79,16
2019-04-16,BTCUSD,5036.86,5230.0,5022.84,5203.65,2112.45,10803162.22,16
2019-04-15,BTCUSD,5161.51,5190.0,4950.0,5036.86,2159.21,10985361.14,16
2019-04-14,BTCUSD,5069.48,5187.94,5017.0,5161.51,1475.51,7492355.75,15
2019-04-13,BTCUSD,5091.58,5141.74,5038.09,5069.48,1543.17,7864420.45,15
2019-04-12,BTCUSD,5044.68,5117.05,4903.64,5091.58,3367.28,16969147.62,15
2019-04-11,BTCUSD,5319.55,5347.07,4970.51,5044.68,4747.9,24319016.22,15
2019-04-10,BTCUSD,5194.98,5471.14,5166.42,5319.55,4036.77,21381284.54,15
2019-04-09,BTCUSD,5287.88,5287.89,5147.16,5194.98,2775.27,14485148.38,15
2019-04-08,BTCUSD,5196.02,5350.0,5132.26,5287.88,2766.25,14524197.92,15
2019-04-07,BTCUSD,5044.56,5266.74,5029.23,5196.02,1510.27,7777657.09,14
2019-04-06,BTCUSD,5041.0,5239.4,4892.5,5044.56,2390.58,12093844.29,14
2019-04-05,BTCUSD,4907.68,5067.41,4887.05,5041.0,2898.13,14474678.58,14
2019-04-04,BTCUSD,4976.94,5072.57,4782.47,4907.68,4002.33,19878417.97,14
2019-04-03,BTCUSD,4903.3,5346.68,4800.0,4976.94,11038.1,55729580.72,14
2019-04-02,BTCUSD,4136.54,5090.62,4131.25,4903.3,11731.41,55048636.68,14
2019-04-01,BTCUSD,4095.01,4147.99,4052.49,4136.54,2280.26,9408272.18,14
2019-03-31,BTCUSD,4094.03,4102.91,4076.62,4095.01,498.51,2038822.54,13
2019-03-30,BTCUSD,4082.72,4129.49,4037.28,4094.03,990.66,4046158.0,13
2019-03-29,BTCUSD,4012.81,4098.04,4007.71,4082.72,1721.0,6993892.12,13
2019-03-28,BTCUSD,4027.35,4027.35,3995.0,4012.81,1368.83,5490203.9,13
2019-03-27,BTCUSD,3919.99,4034.0,3914.95,4027.35,2482.16,9916749.35,13
2019-03-26,BTCUSD,3908.7,3921.73,3882.92,3919.99,1515.98,5930417.49,13
2019-03-25,BTCUSD,3971.53,4034.13,3858.55,3908.7,2396.13,9428641.17,13
2019-03-24,BTCUSD,3982.45,3982.45,3947.0,3971.53,668.72,2653311.12,12
2019-03-23,BTCUSD,3986.67,4000.5,3961.01,3982.45,809.89,3227449.04,12
2019-03-22,BTCUSD,3975.01,3999.73,3963.88,3986.67,1001.2,3989559.9,12
2019-03-21,BTCUSD,4032.0,4059.37,3915.09,3975.01,2725.24,10877458.98,12
2019-03-20,BTCUSD,4001.3,4048.85,3963.72,4032.0,2515.81,10066510.2,12
2019-03-19,BTCUSD,3969.99,4012.69,3951.66,4001.3,1790.84,7126346.95,12
2019-03-18,BTCUSD,3965.45,4015.85,3936.36,3969.99,1951.98,7744117.58,12
2019-03-17,BTCUSD,3990.0,3992.42,3930.06,3965.45,517.09,2049556.87,11
2019-03-16,BTCUSD,3901.0,4037.02,3899.0,3990.0,1895.02,7539679.86,11
2019-03-15,BTCUSD,3855.87,3907.11,3847.95,3901.0,2134.67,8300709.16,11
2019-03-14,BTCUSD,3850.96,3900.0,3785.0,3855.87,2577.02,9903376.59,11
2019-03-13,BTCUSD,3862.12,3869.99,3826.0,3850.96,2056.16,7919141.59,11
2019-03-12,BTCUSD,3851.15,3876.22,3800.0,3862.12,2271.46,8733286.77,11
2019-03-11,BTCUSD,3899.07,3910.46,3815.06,3851.15,1761.88,6790809.01,11
2019-03-10,BTCUSD,3917.49,3918.35,3870.0,3899.07,739.42,2880040.47,10
2019-03-09,BTCUSD,3842.0,3947.88,3835.35,3917.49,847.81,3307557.71,10
2019-03-08,BTCUSD,3855.26,3910.0,3771.78,3842.0,2701.45,10468107.75,10
2019-03-07,BTCUSD,3850.46,3889.72,3829.54,3855.26,1991.41,7693446.38,10
2019-03-06,BTCUSD,3845.73,3893.29,3811.16,3850.46,2898.24,11133131.82,10
2019-03-05,BTCUSD,3700.82,3876.59,3695.0,3845.73,2545.61,9666566.71,10
2019-03-04,BTCUSD,3789.61,3805.46,3675.0,3700.82,1822.32,6788402.72,10
2019-03-03,BTCUSD,3812.45,3818.52,3761.95,3789.61,502.67,1908623.58,9
2019-03-02,BTCUSD,3808.12,3818.31,3761.02,3812.45,584.96,2225132.76,9
2019-03-01,BTCUSD,3791.49,3843.78,3791.49,3808.12,1608.09,6142566.66,9
2019-02-28,BTCUSD,3800.0,3912.16,3752.05,3791.49,3708.44,14179915.95,9
2019-02-27,BTCUSD,3799.99,3820.28,3650.8,3800.0,3091.89,11629064.35,9
2019-02-26,BTCUSD,3820.26,3828.12,3764.95,3799.99,1620.42,6147361.37,9
2019-02-25,BTCUSD,3732.48,3859.17,3732.48,3820.26,2262.61,8602292.4,9
2019-02-24,BTCUSD,4110.99,4186.99,3715.51,3732.48,5902.28,22906892.0,8
2019-02-23,BTCUSD,3946.56,4153.01,3914.25,4110.99,2210.12,8914369.13,8
2019-02-22,BTCUSD,3901.59,3954.99,3885.12,3946.56,1570.5,6174383.0,8
2019-02-21,BTCUSD,3941.16,3987.0,3870.0,3901.59,2537.68,9925700.24,8
2019-02-20,BTCUSD,3892.03,3966.67,3865.02,3941.16,3014.33,11805181.16,8
2019-02-19,BTCUSD,3866.99,3971.46,3844.37,3892.03,3746.26,14627443.46,8
2019-02-18,BTCUSD,3626.7,3912.51,3618.09,3866.99,3804.26,14375151.88,8
2019-02-17,BTCUSD,3582.3,3675.87,3557.38,3626.7,1439.01,5181942.16,7
2019-02-16,BTCUSD,3567.12,3606.92,3567.12,3582.3,906.6,3252985.53,7
2019-02-15,BTCUSD,3562.29,3615.79,3544.95,3567.12,2981.09,10649544.93,7
2019-02-14,BTCUSD,3576.48,3657.0,3537.0,3562.29,2558.17,9142540.86,7
2019-02-13,BTCUSD,3588.61,3627.79,3561.22,3576.48,1831.34,6560232.65,7
2019-02-12,BTCUSD,3588.58,3618.56,3550.1,3588.61,2852.03,10208314.61,7
2019-02-11,BTCUSD,3647.21,3649.99,3578.01,3588.58,3356.7,12072097.28,7
2019-02-10,BTCUSD,3624.11,3655.04,3580.17,3647.21,987.24,3565812.48,6
2019-02-09,BTCUSD,3622.59,3638.94,3595.01,3624.11,1614.39,5836310.55,6
2019-02-08,BTCUSD,3359.99,3711.26,3343.84,3622.59,5701.16,20153424.89,6
2019-02-07,BTCUSD,3366.83,3380.0,3352.29,3359.99,1274.83,4288604.06,6
2019-02-06,BTCUSD,3429.98,3445.22,3331.44,3366.83,2077.12,7000869.02,6
2019-02-05,BTCUSD,3411.47,3430.0,3401.84,3429.98,1335.65,4569082.06,6
2019-02-04,BTCUSD,3415.99,3435.0,3397.0,3411.47,1112.92,3801923.68,6
2019-02-03,BTCUSD,3469.06,3471.42,3390.0,3415.99,787.11,2695560.12,5
2019-02-02,BTCUSD,3441.87,3484.99,3412.18,3469.06,691.13,2379749.27,5
2019-02-01,BTCUSD,3412.1,3458.18,3370.61,3441.87,2800.61,9580957.96,5
2019-01-31,BTCUSD,3436.11,3472.0,3394.43,3412.1,2776.44,9495071.14,5
2019-01-30,BTCUSD,3395.49,3459.5,3372.28,3436.11,3163.47,10840415.6,5
2019-01-29,BTCUSD,3429.7,3437.93,3321.0,3395.49,4105.75,13930725.13,5
2019-01-28,BTCUSD,3529.63,3535.18,3369.99,3429.7,4140.79,14214006.37,5
2019-01-27,BTCUSD,3558.19,3563.54,3472.94,3529.63,706.13,2489699.92,4
2019-01-26,BTCUSD,3561.0,3659.38,3540.12,3558.19,1176.79,4211645.01,4
2019-01-25,BTCUSD,3570.25,3578.0,3510.0,3561.0,2499.51,8878335.74,4
2019-01-24,BTCUSD,3553.02,3596.65,3528.54,3570.25,1189.5,4234595.46,4
2019-01-23,BTCUSD,3577.24,3611.57,3523.34,3553.02,2039.5,7268650.49,4
2019-01-22,BTCUSD,3532.25,3611.63,3423.74,3577.24,2338.86,8284757.87,4
2019-01-21,BTCUSD,3533.49,3568.78,3487.29,3532.25,1434.75,5070847.23,4
2019-01-20,BTCUSD,3687.0,3702.09,3474.0,3533.49,2149.91,7639957.2,3
2019-01-19,BTCUSD,3608.0,3760.0,3608.0,3687.0,2227.89,8268829.89,3
2019-01-18,BTCUSD,3641.4,3643.69,3577.28,3608.0,1627.9,5884005.16,3
2019-01-17,BTCUSD,3604.57,3657.79,3545.43,3641.4,2307.73,8325788.11,3
2019-01-16,BTCUSD,3583.47,3663.58,3571.47,3604.57,4990.66,17998353.02,3
2019-01-15,BTCUSD,3662.89,3682.59,3541.0,3583.47,3977.73,14425790.25,3
2019-01-14,BTCUSD,3514.08,3713.16,3506.84,3662.89,2851.17,10353404.07,3
2019-01-13,BTCUSD,3618.82,3644.54,3484.33,3514.08,2279.28,8111864.88,2
2019-01-12,BTCUSD,3637.28,3650.0,3561.5,3618.82,1264.18,4580598.24,2
2019-01-11,BTCUSD,3626.76,3695.0,3577.01,3637.28,3371.77,12260715.27,2
2019-01-10,BTCUSD,4000.67,4034.61,3566.0,3626.76,6903.93,25909780.72,2
2019-01-09,BTCUSD,3992.24,4044.82,3964.92,4000.67,3008.22,12062995.27,2
2019-01-08,BTCUSD,4007.47,4112.12,3950.0,3992.24,4900.54,19684370.31,2
2019-01-07,BTCUSD,4041.01,4069.96,3968.45,4007.47,3933.14,15810876.36,2
2019-01-06,BTCUSD,3797.41,4079.04,3756.79,4041.01,2511.72,9969787.14,1
2019-01-05,BTCUSD,3821.47,3859.5,3780.0,3797.41,1675.11,6408581.55,1
2019-01-04,BTCUSD,3786.91,3850.3,3732.15,3821.47,2284.54,8642529.67,1
2019-01-03,BTCUSD,3890.45,3894.17,3760.1,3786.91,4061.88,15562412.03,1
2019-01-02,BTCUSD,3823.63,3911.99,3763.85,3890.45,3924.91,14998960.25,1
2019-01-01,BTCUSD,3692.35,3840.85,3577.18,3823.63,3155.16,11667756.02,1
