OBS_ID,links_homepage_available
235691,1
235692,1
235693,1
235694,0
235695,0
235696,1
235697,0
235698,0
235699,0
235700,1
235701,1
235702,1
235703,1
235704,1
235705,0
235706,1
235707,1
235708,0
235709,1
235710,0
235711,0
235712,1
235713,1
235714,0
235715,0
235716,1
235717,0
235718,1
235719,1
235720,0
235721,1
235722,1
235723,0
235724,1
235725,1
235726,0
235727,0
235728,1
235729,1
235730,0
235731,1
235732,1
235733,0
235734,0
235735,1
235736,1
235737,0
235738,1
235739,1
235740,0
235741,0
235742,1
235743,1
235744,1
235745,0
235746,0
235747,0
235748,1
235749,1
235750,1
235751,1
235752,1
235753,1
235754,0
235755,1
235756,0
235757,0
235758,0
235759,0
235760,1
235761,1
235762,1
235763,1
235764,0
235765,1
235766,0
235767,1
235768,0
235769,1
235770,0
235771,0
235772,1
235773,0
235774,0
235775,1
235776,0
235777,1
235778,0
235779,1
235780,1
235781,1
235782,0
235783,1
235784,0
235785,0
235786,1
235787,1
235788,1
235789,0
235790,1
235791,1
235792,0
235793,0
235794,0
235795,0
235796,1
235797,0
235798,0
235799,1
235800,1
235801,1
235802,1
235803,1
235804,0
235805,1
235806,0
235807,1
235808,1
235809,1
235810,0
235811,0
235812,1
235813,1
235814,1
235815,0
235816,0
235817,1
235818,1
235819,1
235820,1
235821,0
235822,0
235823,1
235824,0
235825,1
235826,1
235827,1
235828,1
235829,1
235830,0
235831,1
235832,0
235833,1
235834,1
235835,0
235836,1
235837,1
235838,1
235839,1
235840,0
235841,1
235842,1
235843,0
235844,1
235845,1
235846,1
235847,1
235848,1
235849,0
235850,1
235851,0
235852,0
235853,1
235854,0
235855,1
235856,0
235857,1
235858,1
235859,1
235860,0
235861,1
235862,1
235863,0
235864,1
235865,0
235866,1
235867,1
235868,1
235869,0
235870,1
235871,1
235872,0
235873,0
235874,1
235875,0
235876,0
235877,0
235878,0
235879,1
235880,0
235881,1
235882,1
235883,1
235884,0
235885,0
235886,1
235887,0
235888,0
235889,0
235890,0
235891,1
235892,0
235893,1
235894,1
235895,0
235896,0
235897,1
235898,0
235899,0
235900,0
235901,1
235902,1
235903,1
235904,0
235905,1
235906,1
235907,0
235908,1
235909,1
235910,0
235911,0
235912,1
235913,0
235914,1
235915,1
235916,0
235917,1
235918,1
235919,1
235920,1
235921,1
235922,0
235923,0
235924,1
235925,0
235926,0
235927,0
235928,1
235929,0
235930,1
235931,1
235932,1
235933,1
235934,1
235935,1
235936,1
235937,0
235938,1
235939,1
235940,0
235941,1
235942,1
235943,1
235944,0
235945,1
235946,0
235947,1
235948,1
235949,1
235950,1
235951,1
235952,1
235953,1
235954,1
235955,1
235956,1
235957,1
235958,0
235959,1
235960,0
235961,0
235962,0
235963,0
235964,1
235965,1
235966,0
235967,1
235968,1
235969,1
235970,1
235971,1
235972,0
235973,0
235974,1
235975,0
235976,1
235977,1
235978,1
235979,0
235980,1
235981,1
235982,1
235983,0
235984,0
235985,1
235986,1
235987,1
235988,1
235989,0
235990,0
235991,1
235992,1
235993,1
235994,0
235995,1
235996,1
235997,1
235998,1
235999,1
236000,1
236001,1
236002,0
236003,0
236004,0
236005,1
236006,0
236007,0
236008,1
236009,1
236010,1
236011,0
236012,0
236013,1
236014,0
236015,0
236016,0
236017,1
236018,1
236019,1
236020,1
236021,1
236022,0
236023,0
236024,0
236025,0
236026,0
236027,0
236028,0
236029,1
236030,1
236031,1
236032,1
236033,1
236034,1
236035,1
236036,0
236037,0
236038,1
236039,1
236040,0
236041,0
236042,0
236043,0
236044,1
236045,1
236046,0
236047,1
236048,1
236049,1
236050,1
236051,0
236052,0
236053,1
236054,0
236055,0
236056,1
236057,1
236058,0
236059,1
236060,1
236061,1
236062,0
236063,1
236064,1
236065,0
236066,1
236067,0
236068,1
236069,1
236070,0
236071,1
236072,1
236073,1
236074,1
236075,1
236076,1
236077,1
236078,1
236079,0
236080,1
236081,1
236082,1
236083,0
236084,1
236085,0
236086,0
236087,0
236088,1
236089,0
236090,0
236091,1
236092,1
236093,0
236094,0
236095,0
236096,1
236097,0
236098,0
236099,1
236100,1
236101,1
236102,0
236103,0
236104,1
236105,1
236106,1
236107,0
236108,0
236109,1
236110,1
236111,0
236112,1
236113,1
236114,0
236115,0
236116,0
236117,0
236118,0
236119,1
236120,1
236121,1
236122,0
236123,0
236124,0
236125,1
236126,0
236127,1
236128,0
236129,0
236130,1
236131,0
236132,0
236133,1
236134,0
236135,1
236136,1
236137,0
236138,1
236139,1
236140,1
236141,0
236142,0
236143,1
236144,0
236145,1
236146,0
236147,1
236148,0
236149,0
236150,0
236151,1
236152,0
236153,0
236154,0
236155,1
236156,1
236157,1
236158,1
236159,0
236160,1
236161,0
236162,1
236163,1
236164,1
236165,0
236166,0
236167,0
236168,0
236169,0
236170,0
236171,0
236172,1
236173,1
236174,0
236175,1
236176,1
236177,0
236178,0
236179,1
236180,0
236181,0
236182,1
236183,0
236184,1
236185,1
236186,0
236187,0
236188,1
236189,1
236190,1
236191,0
236192,1
236193,1
236194,1
236195,1
236196,0
236197,1
236198,0
236199,1
236200,1
236201,1
236202,1
236203,0
236204,0
236205,0
236206,0
236207,0
236208,0
236209,0
236210,0
236211,1
236212,0
236213,1
236214,0
236215,0
236216,0
236217,1
236218,0
236219,0
236220,1
236221,1
236222,1
236223,0
236224,0
236225,1
236226,0
236227,0
236228,0
236229,0
236230,0
236231,1
236232,0
236233,0
236234,1
236235,1
236236,0
236237,1
236238,1
236239,0
236240,0
236241,1
236242,1
236243,0
236244,0
236245,0
236246,0
236247,1
236248,0
236249,0
236250,1
236251,1
236252,0
236253,1
236254,0
236255,0
236256,0
236257,1
236258,1
236259,0
236260,1
236261,1
236262,0
236263,1
236264,1
236265,0
236266,0
236267,0
236268,1
236269,0
236270,0
236271,0
236272,1
236273,0
236274,1
236275,1
236276,0
236277,1
236278,0
236279,0
236280,1
236281,0
236282,1
236283,0
236284,1
236285,0
236286,1
236287,0
236288,0
236289,1
236290,0
236291,0
236292,0
236293,0
236294,1
236295,1
236296,1
236297,1
236298,1
236299,0
236300,1
236301,0
236302,0
236303,1
236304,1
236305,1
236306,0
236307,1
236308,1
236309,1
236310,1
236311,1
236312,0
236313,1
236314,0
236315,1
236316,0
236317,1
236318,1
236319,1
236320,0
236321,1
236322,1
236323,1
236324,1
236325,0
236326,0
236327,1
236328,1
236329,0
236330,0
236331,0
236332,1
236333,0
236334,0
236335,1
236336,1
236337,0
236338,1
236339,1
236340,1
236341,1
236342,1
236343,1
236344,0
236345,1
236346,0
236347,1
236348,1
236349,1
236350,1
236351,0
236352,0
236353,1
236354,1
236355,0
236356,1
236357,0
236358,0
236359,1
236360,0
236361,1
236362,1
236363,1
236364,1
236365,1
236366,1
236367,0
236368,0
236369,0
236370,0
236371,1
236372,0
236373,0
236374,1
236375,1
236376,0
236377,1
236378,1
236379,1
236380,0
236381,0
236382,1
236383,1
236384,0
236385,1
236386,1
236387,1
236388,1
236389,0
236390,0
236391,1
236392,1
236393,1
236394,1
236395,0
236396,1
236397,0
236398,0
236399,1
236400,0
236401,1
236402,0
236403,1
236404,0
236405,1
236406,0
236407,1
236408,1
236409,0
236410,1
236411,1
236412,1
236413,1
236414,1
236415,0
236416,0
236417,0
236418,1
236419,0
236420,0
236421,0
236422,0
236423,1
236424,0
236425,1
236426,0
236427,0
236428,1
236429,1
236430,0
236431,0
236432,0
236433,1
236434,1
236435,0
236436,1
236437,1
236438,1
236439,1
236440,1
236441,1
236442,1
236443,0
236444,1
236445,0
236446,1
236447,1
236448,0
236449,1
236450,1
236451,1
236452,1
236453,0
236454,1
236455,1
236456,0
236457,0
236458,1
236459,0
236460,0
236461,1
236462,1
236463,0
236464,1
236465,0
236466,0
236467,0
236468,0
236469,0
236470,1
236471,1
236472,0
236473,0
236474,0
236475,1
236476,0
236477,1
236478,0
236479,0
236480,1
236481,1
236482,1
236483,1
236484,0
236485,0
236486,0
236487,1
236488,0
236489,0
236490,1
236491,0
236492,0
236493,1
236494,0
236495,1
236496,0
236497,0
236498,0
236499,1
236500,0
236501,1
236502,0
236503,1
236504,0
236505,0
236506,0
236507,1
236508,1
236509,1
236510,1
236511,0
236512,1
236513,1
236514,1
236515,1
236516,1
236517,1
236518,0
236519,0
236520,0
236521,1
236522,0
236523,1
236524,1
236525,0
236526,0
236527,1
236528,0
236529,1
236530,1
236531,1
236532,1
236533,0
236534,0
236535,1
236536,1
236537,1
236538,0
236539,1
236540,0
236541,1
236542,1
236543,0
236544,0
236545,0
236546,0
236547,0
236548,1
236549,0
236550,0
236551,1
236552,1
236553,0
236554,1
236555,1
236556,1
236557,1
236558,1
236559,0
236560,1
236561,1
236562,1
236563,1
236564,1
236565,0
236566,1
236567,1
236568,0
236569,1
236570,0
236571,0
236572,1
236573,1
236574,1
236575,1
236576,1
236577,1
236578,1
236579,0
236580,0
236581,1
236582,0
236583,1
236584,1
236585,1
236586,1
236587,1
236588,0
236589,1
236590,0
236591,1
236592,1
236593,1
236594,0
236595,1
236596,0
236597,0
236598,0
236599,1
236600,0
236601,0
236602,1
236603,1
236604,0
236605,1
236606,0
236607,0
236608,1
236609,0
236610,1
236611,0
236612,0
236613,1
236614,0
236615,1
236616,0
236617,1
236618,0
236619,0
236620,0
236621,1
236622,1
236623,1
236624,0
236625,0
236626,1
236627,0
236628,0
236629,1
236630,1
236631,1
236632,1
236633,0
236634,0
236635,1
236636,1
236637,1
236638,1
236639,0
236640,0
236641,0
236642,1
236643,1
236644,1
236645,1
236646,1
236647,0
236648,0
236649,1
236650,1
236651,0
236652,0
236653,0
236654,0
236655,0
236656,0
236657,1
236658,0
236659,1
236660,1
236661,1
236662,1
236663,0
236664,1
236665,0
236666,0
236667,1
236668,1
236669,0
236670,1
236671,0
236672,1
236673,0
236674,1
236675,0
236676,1
236677,1
236678,0
236679,1
236680,1
236681,0
236682,1
236683,1
236684,0
236685,0
236686,1
236687,1
236688,0
236689,1
236690,1
236691,0
236692,1
236693,0
236694,1
236695,0
236696,1
236697,0
236698,1
236699,0
236700,1
236701,0
236702,1
236703,1
236704,0
236705,1
236706,0
236707,1
236708,0
236709,0
236710,1
236711,0
236712,1
236713,1
236714,0
236715,1
236716,1
236717,1
236718,0
236719,1
236720,0
236721,1
236722,0
236723,1
236724,0
236725,0
236726,0
236727,1
236728,0
236729,1
236730,1
236731,0
236732,1
236733,1
236734,1
236735,0
236736,1
236737,0
236738,1
236739,1
236740,0
236741,0
236742,1
236743,0
236744,0
236745,0
236746,0
236747,0
236748,0
236749,1
236750,0
236751,0
236752,1
236753,0
236754,0
236755,1
236756,0
236757,1
236758,1
236759,0
236760,1
236761,0
236762,0
236763,0
236764,1
236765,1
236766,1
236767,1
236768,0
236769,1
236770,1
236771,1
236772,1
236773,1
236774,0
236775,0
236776,1
236777,0
236778,1
236779,0
236780,0
236781,1
236782,1
236783,0
236784,1
236785,0
236786,1
236787,0
236788,1
236789,0
236790,1
236791,1
236792,0
236793,0
236794,1
236795,1
236796,1
236797,1
236798,1
236799,1
236800,1
236801,1
236802,0
236803,0
236804,0
236805,1
236806,0
236807,1
236808,0
236809,0
236810,1
236811,1
236812,0
236813,0
236814,0
236815,0
236816,1
236817,1
236818,1
236819,0
236820,0
236821,0
236822,1
236823,0
236824,0
236825,0
236826,1
236827,0
236828,1
236829,1
236830,0
236831,0
236832,0
236833,1
236834,0
236835,0
236836,0
236837,0
236838,1
236839,1
236840,0
236841,0
236842,0
236843,0
236844,1
236845,1
236846,0
236847,0
236848,1
236849,1
236850,1
236851,1
236852,1
236853,0
236854,1
236855,1
236856,1
236857,0
236858,1
236859,0
236860,1
236861,0
236862,0
236863,0
236864,1
236865,1
236866,0
236867,0
236868,0
236869,0
236870,1
236871,1
236872,0
236873,1
236874,1
236875,0
236876,0
236877,0
236878,1
236879,0
236880,0
236881,0
236882,0
236883,0
236884,0
236885,1
236886,1
236887,1
236888,1
236889,0
236890,1
236891,0
236892,0
236893,1
236894,1
236895,0
236896,0
236897,0
236898,0
236899,1
236900,0
236901,0
236902,1
236903,0
236904,1
236905,1
236906,1
236907,1
236908,1
236909,0
236910,0
236911,0
236912,1
236913,1
236914,0
236915,1
236916,1
236917,1
236918,1
236919,1
236920,1
236921,1
236922,1
236923,0
236924,1
236925,1
236926,0
236927,1
236928,0
236929,0
236930,0
236931,1
236932,1
236933,1
236934,1
236935,1
236936,1
236937,1
236938,0
236939,0
236940,0
236941,0
236942,0
236943,0
236944,0
236945,1
236946,1
236947,0
236948,0
236949,0
236950,0
236951,0
236952,0
236953,1
236954,0
236955,0
236956,0
236957,0
236958,1
236959,0
236960,1
236961,0
236962,1
236963,1
236964,0
236965,0
236966,1
236967,0
236968,0
236969,1
236970,1
236971,0
236972,1
236973,1
236974,1
236975,0
236976,1
236977,1
236978,0
236979,0
236980,1
236981,1
236982,0
236983,1
236984,1
236985,0
236986,0
236987,0
236988,0
236989,1
236990,1
236991,0
236992,1
236993,1
236994,1
236995,0
236996,1
236997,1
236998,1
236999,1
237000,0
237001,1
237002,1
237003,0
237004,0
237005,0
237006,1
237007,1
237008,1
237009,1
237010,1
237011,0
237012,0
237013,0
237014,0
237015,1
237016,0
237017,1
237018,1
237019,0
237020,1
237021,1
237022,0
237023,0
237024,0
237025,1
237026,0
237027,0
237028,1
237029,0
237030,0
237031,0
237032,1
237033,0
237034,1
237035,0
237036,0
237037,1
237038,1
237039,1
237040,1
237041,1
237042,1
237043,0
237044,1
237045,1
237046,0
237047,0
237048,0
237049,1
237050,1
237051,1
237052,1
237053,1
237054,0
237055,1
237056,1
237057,1
237058,0
237059,0
237060,1
237061,1
237062,0
237063,0
237064,1
237065,1
237066,1
237067,0
237068,0
237069,1
237070,1
237071,0
237072,1
237073,0
237074,0
237075,0
237076,1
237077,1
237078,0
237079,0
237080,1
237081,1
237082,1
237083,1
237084,1
237085,0
237086,0
237087,1
237088,1
237089,1
237090,0
237091,0
237092,1
237093,0
237094,0
237095,0
237096,0
237097,1
237098,0
237099,0
237100,1
237101,0
237102,1
237103,1
237104,1
237105,0
237106,1
237107,1
237108,1
237109,1
237110,0
237111,1
237112,0
237113,1
237114,1
237115,0
237116,1
237117,1
237118,1
237119,1
237120,1
237121,1
237122,0
237123,0
237124,1
237125,0
237126,0
237127,1
237128,1
237129,0
237130,0
237131,1
237132,0
237133,1
237134,0
237135,0
237136,0
237137,1
237138,0
237139,0
237140,1
237141,0
237142,0
237143,0
237144,1
237145,0
237146,1
237147,1
237148,0
237149,0
237150,1
237151,0
237152,0
237153,0
237154,1
237155,0
237156,1
237157,1
237158,1
237159,0
237160,0
237161,0
237162,1
237163,1
237164,0
237165,1
237166,0
237167,1
237168,0
237169,1
237170,1
237171,0
237172,1
237173,0
237174,1
237175,1
237176,0
237177,0
237178,0
237179,1
237180,1
237181,1
237182,0
237183,1
237184,1
237185,0
237186,0
237187,0
237188,1
237189,1
237190,0
237191,1
237192,0
237193,1
237194,0
237195,1
237196,1
237197,1
237198,1
237199,0
237200,1
237201,1
237202,0
237203,0
237204,1
237205,1
237206,1
237207,1
237208,1
237209,0
237210,1
237211,1
237212,1
237213,0
237214,0
237215,1
237216,0
237217,1
237218,0
237219,1
237220,1
237221,0
237222,1
237223,0
237224,1
237225,0
237226,0
237227,1
237228,1
237229,0
237230,1
237231,0
237232,1
237233,0
237234,0
237235,1
237236,0
237237,1
237238,1
237239,0
237240,1
237241,0
237242,1
237243,0
237244,1
237245,1
237246,1
237247,1
237248,0
237249,1
237250,1
237251,0
237252,0
237253,1
237254,1
237255,0
237256,1
237257,1
237258,0
237259,0
237260,0
237261,1
237262,0
237263,0
237264,0
237265,1
237266,0
237267,1
237268,0
237269,1
237270,0
237271,1
237272,1
237273,0
237274,0
237275,0
237276,1
237277,0
237278,0
237279,0
237280,0
237281,0
237282,0
237283,0
237284,1
237285,0
237286,1
237287,1
237288,0
237289,0
237290,1
237291,1
237292,0
237293,1
237294,0
237295,0
237296,1
237297,0
237298,1
237299,0
237300,0
237301,1
237302,1
237303,1
237304,1
237305,0
237306,1
237307,0
237308,1
237309,0
237310,0
237311,0
237312,1
237313,1
237314,1
237315,1
237316,0
237317,1
237318,1
237319,1
237320,0
237321,1
237322,0
237323,1
237324,0
237325,0
237326,1
237327,0
237328,1
237329,1
237330,1
237331,0
237332,0
237333,1
237334,0
237335,1
237336,0
237337,1
237338,0
237339,1
237340,0
237341,0
237342,0
237343,1
237344,1
237345,0
237346,0
237347,1
237348,1
237349,0
237350,0
237351,1
237352,1
237353,1
237354,0
237355,0
237356,0
237357,0
237358,0
237359,1
237360,0
237361,0
237362,0
237363,1
237364,1
237365,1
237366,1
237367,0
237368,0
237369,0
237370,0
237371,1
237372,0
237373,1
237374,1
237375,1
237376,0
237377,1
237378,0
237379,0
237380,1
237381,0
237382,0
237383,0
237384,1
237385,1
237386,1
237387,1
237388,1
237389,1
237390,0
237391,1
237392,0
237393,0
237394,0
237395,1
237396,1
237397,1
237398,0
237399,0
237400,1
237401,1
237402,1
237403,1
237404,1
237405,0
237406,1
237407,0
237408,1
237409,1
237410,1
237411,0
237412,0
237413,0
237414,0
237415,1
237416,0
237417,0
237418,0
237419,0
237420,1
237421,0
237422,1
237423,1
237424,0
237425,1
237426,0
237427,0
237428,1
237429,0
237430,1
237431,0
237432,1
237433,0
237434,0
237435,1
237436,0
237437,1
237438,1
237439,0
237440,1
237441,1
237442,1
237443,0
237444,0
237445,0
237446,1
237447,1
237448,0
237449,1
237450,1
237451,1
237452,1
237453,0
237454,1
237455,0
237456,0
237457,0
237458,0
237459,0
237460,1
237461,1
237462,0
237463,0
237464,1
237465,0
237466,1
237467,1
237468,1
237469,0
237470,0
237471,1
237472,1
237473,0
237474,1
237475,1
237476,1
237477,1
237478,0
237479,0
237480,0
237481,0
237482,0
237483,0
237484,0
237485,1
237486,0
237487,1
237488,1
237489,0
237490,0
237491,0
237492,0
237493,0
237494,0
237495,1
237496,1
237497,1
237498,1
237499,0
237500,0
237501,0
237502,0
237503,0
237504,0
237505,1
237506,0
237507,0
237508,0
237509,0
237510,0
237511,0
237512,0
237513,0
237514,0
237515,0
237516,1
237517,0
237518,0
237519,1
237520,0
237521,1
237522,0
237523,0
237524,1
237525,0
237526,1
237527,0
237528,1
237529,0
237530,0
237531,0
237532,0
237533,0
237534,0
237535,0
237536,0
237537,0
237538,0
237539,0
237540,0
237541,1
237542,1
237543,0
237544,0
237545,0
237546,0
237547,0
237548,1
237549,0
237550,0
237551,1
237552,1
237553,1
237554,1
237555,0
237556,1
237557,0
237558,1
237559,1
237560,0
237561,1
237562,0
237563,1
237564,0
237565,1
237566,0
237567,0
237568,1
237569,1
237570,0
237571,0
237572,0
237573,1
237574,1
237575,0
237576,0
237577,1
237578,0
237579,1
237580,1
237581,0
237582,1
237583,1
237584,0
237585,0
237586,1
237587,0
237588,1
237589,0
237590,1
237591,1
237592,1
237593,0
237594,0
237595,1
237596,1
237597,0
237598,1
237599,1
237600,0
237601,0
237602,0
237603,0
237604,1
237605,0
237606,0
237607,1
237608,1
237609,1
237610,0
237611,0
237612,1
237613,1
237614,0
237615,1
237616,0
237617,1
237618,0
237619,1
237620,0
237621,0
237622,1
237623,1
237624,0
237625,0
237626,0
237627,0
237628,0
237629,1
237630,1
237631,0
237632,1
237633,0
237634,0
237635,1
237636,1
237637,1
237638,0
237639,0
237640,0
237641,0
237642,1
237643,0
237644,0
237645,1
237646,0
237647,1
237648,1
237649,0
237650,0
237651,0
237652,1
237653,0
237654,0
237655,1
237656,0
237657,0
237658,1
237659,1
237660,0
237661,1
237662,1
237663,1
237664,1
237665,1
237666,1
237667,0
237668,1
237669,1
237670,0
237671,0
237672,0
237673,0
237674,1
237675,0
237676,0
237677,0
237678,1
237679,0
237680,0
237681,0
237682,1
237683,1
237684,1
237685,1
237686,0
237687,0
237688,0
237689,1
237690,1
237691,1
237692,0
237693,0
237694,0
237695,0
237696,0
237697,0
237698,1
237699,1
237700,0
237701,0
237702,0
237703,0
237704,0
237705,0
237706,1
237707,0
237708,1
237709,0
237710,1
237711,1
237712,1
237713,1
237714,0
237715,0
237716,0
237717,0
237718,1
237719,1
237720,0
237721,1
237722,1
237723,1
237724,0
237725,1
237726,0
237727,1
237728,1
237729,1
237730,0
237731,0
237732,1
237733,0
237734,0
237735,1
237736,1
237737,0
237738,0
237739,0
237740,0
237741,1
237742,1
237743,1
237744,0
237745,1
237746,1
237747,0
237748,0
237749,0
237750,1
237751,1
237752,0
237753,1
237754,1
237755,0
237756,1
237757,1
237758,1
237759,0
237760,1
237761,1
237762,1
237763,1
237764,1
237765,0
237766,0
237767,1
237768,1
237769,1
237770,0
237771,0
237772,0
237773,1
237774,0
237775,0
237776,1
237777,1
237778,1
237779,0
237780,0
237781,1
237782,1
237783,1
237784,1
237785,0
237786,0
237787,1
237788,0
237789,0
237790,1
237791,0
237792,1
237793,0
237794,1
237795,1
237796,0
237797,1
237798,0
237799,0
237800,0
237801,1
237802,0
237803,1
237804,0
237805,1
237806,0
237807,1
237808,0
237809,0
237810,0
237811,1
237812,1
237813,0
237814,1
237815,1
237816,1
237817,1
237818,0
237819,1
237820,1
237821,0
237822,0
237823,0
237824,1
237825,1
237826,1
237827,0
237828,0
237829,0
237830,1
237831,1
237832,1
237833,0
237834,0
237835,1
237836,1
237837,1
237838,1
237839,0
237840,0
237841,1
237842,1
237843,1
237844,1
237845,1
237846,1
237847,1
237848,1
237849,1
237850,0
237851,0
237852,0
237853,1
237854,0
237855,1
237856,0
237857,1
237858,0
237859,1
237860,0
237861,0
237862,1
237863,1
237864,1
237865,1
237866,1
237867,0
237868,0
237869,1
237870,0
237871,0
237872,0
237873,0
237874,0
237875,0
237876,1
237877,0
237878,1
237879,0
237880,0
237881,0
237882,0
237883,0
237884,1
237885,0
237886,1
237887,1
237888,0
237889,1
237890,1
237891,1
237892,1
237893,1
237894,1
237895,1
237896,1
237897,1
237898,0
237899,1
237900,1
237901,0
237902,1
237903,0
237904,1
237905,0
237906,1
237907,1
237908,0
237909,1
237910,1
237911,0
237912,1
237913,1
237914,0
237915,1
237916,1
237917,1
237918,1
237919,0
237920,0
237921,0
237922,1
237923,0
237924,1
237925,1
237926,0
237927,0
237928,0
237929,1
237930,0
237931,0
237932,0
237933,0
237934,0
237935,0
237936,1
237937,1
237938,1
237939,1
237940,0
237941,0
237942,0
237943,1
237944,1
237945,0
237946,1
237947,1
237948,1
237949,0
237950,0
237951,0
237952,1
237953,1
237954,0
237955,0
237956,0
237957,1
237958,1
237959,0
237960,0
237961,0
237962,1
237963,1
237964,1
237965,1
237966,1
237967,0
237968,1
237969,0
237970,0
237971,1
237972,0
237973,1
237974,0
237975,0
237976,1
237977,1
237978,0
237979,0
237980,1
237981,1
237982,0
237983,0
237984,0
237985,1
237986,0
237987,1
237988,0
237989,1
237990,1
237991,1
237992,0
237993,1
237994,1
237995,1
237996,0
237997,0
237998,1
237999,1
238000,1
238001,1
238002,1
238003,1
238004,0
238005,0
238006,1
238007,1
238008,0
238009,0
238010,0
238011,1
238012,1
238013,1
238014,0
238015,1
238016,1
238017,1
238018,1
238019,1
238020,1
238021,1
238022,0
238023,0
238024,1
238025,1
238026,1
238027,1
238028,0
238029,1
238030,1
238031,0
238032,0
238033,1
238034,0
238035,0
238036,0
238037,1
238038,1
238039,1
238040,0
238041,1
238042,1
238043,1
238044,1
238045,1
238046,0
238047,0
238048,0
238049,0
238050,0
238051,1
238052,0
238053,1
238054,0
238055,0
238056,0
238057,1
238058,1
238059,1
238060,1
238061,1
238062,1
238063,0
238064,1
238065,1
238066,0
238067,0
238068,1
238069,1
238070,0
238071,1
238072,1
238073,1
238074,1
238075,0
238076,1
238077,0
238078,1
238079,0
238080,1
238081,1
238082,0
238083,1
238084,1
238085,0
238086,0
238087,1
238088,1
238089,1
238090,1
238091,1
238092,0
238093,0
238094,0
238095,0
238096,0
238097,1
238098,0
238099,1
238100,1
238101,0
238102,0
238103,0
238104,0
238105,1
238106,1
238107,1
238108,1
238109,0
238110,1
238111,0
238112,0
238113,1
238114,0
238115,0
238116,1
238117,1
238118,1
238119,1
238120,1
238121,1
238122,1
238123,1
238124,1
238125,0
238126,0
238127,1
238128,1
238129,1
238130,0
238131,0
238132,0
238133,1
238134,1
238135,1
238136,0
238137,0
238138,1
238139,0
238140,1
238141,1
238142,1
238143,0
238144,1
238145,0
238146,1
238147,1
238148,1
238149,1
238150,0
238151,1
238152,0
238153,1
238154,1
238155,1
238156,1
238157,1
238158,0
238159,1
238160,1
238161,0
238162,1
238163,1
238164,0
238165,0
238166,1
238167,0
238168,1
238169,1
238170,0
238171,0
238172,1
238173,1
238174,1
238175,1
238176,1
238177,1
238178,0
238179,0
238180,0
238181,1
238182,1
238183,0
238184,0
238185,1
238186,1
238187,0
238188,1
238189,1
238190,1
238191,1
238192,0
238193,1
238194,1
238195,1
238196,1
238197,0
238198,1
238199,0
238200,0
238201,0
238202,1
238203,0
238204,1
238205,1
238206,0
238207,0
238208,1
238209,0
238210,0
238211,0
238212,1
238213,0
238214,1
238215,0
238216,0
238217,0
238218,0
238219,0
238220,1
238221,0
238222,1
238223,1
238224,1
238225,0
238226,0
238227,0
238228,0
238229,1
238230,1
238231,0
238232,1
238233,0
238234,0
238235,0
238236,0
238237,0
238238,0
238239,1
238240,1
238241,1
238242,1
238243,1
238244,0
238245,0
238246,1
238247,0
238248,0
238249,1
238250,1
238251,1
238252,1
238253,1
238254,1
238255,1
238256,1
238257,0
238258,1
238259,0
238260,1
238261,1
238262,0
238263,0
238264,0
238265,0
238266,0
238267,1
238268,0
238269,1
238270,0
238271,1
238272,1
238273,0
238274,1
238275,1
238276,0
238277,1
238278,0
238279,1
238280,1
238281,1
238282,1
238283,1
238284,0
238285,0
238286,1
238287,1
238288,0
238289,0
238290,0
238291,0
238292,1
238293,1
238294,0
238295,1
238296,0
238297,1
238298,0
238299,1
238300,1
238301,0
238302,1
238303,0
238304,1
238305,0
238306,0
238307,0
238308,1
238309,0
238310,0
238311,1
238312,1
238313,0
238314,0
238315,1
238316,0
238317,0
238318,1
238319,1
238320,1
238321,0
238322,0
238323,0
238324,0
238325,0
238326,1
238327,0
238328,0
238329,0
238330,1
238331,1
238332,1
238333,0
238334,1
238335,0
238336,1
238337,1
238338,1
238339,0
238340,0
238341,0
238342,0
238343,1
238344,0
238345,0
238346,1
238347,0
238348,1
238349,0
238350,0
238351,0
238352,0
238353,0
238354,1
238355,1
238356,0
238357,1
238358,0
238359,1
238360,0
238361,1
238362,1
238363,0
238364,1
238365,1
238366,1
238367,0
238368,0
238369,1
238370,0
238371,1
238372,1
238373,0
238374,1
238375,1
238376,0
238377,1
238378,0
238379,0
238380,0
238381,0
238382,1
238383,1
238384,0
238385,1
238386,1
238387,1
238388,0
238389,0
238390,0
238391,0
238392,0
238393,1
238394,1
238395,0
238396,0
238397,0
238398,0
238399,1
238400,1
238401,0
238402,1
238403,1
238404,1
238405,1
238406,0
238407,0
238408,0
238409,0
238410,0
238411,1
238412,0
238413,0
238414,0
238415,0
238416,0
238417,1
238418,1
238419,1
238420,1
238421,0
238422,0
238423,1
238424,0
238425,1
238426,1
238427,1
238428,0
238429,0
238430,1
238431,1
238432,1
238433,1
238434,0
238435,1
238436,1
238437,0
238438,0
238439,1
238440,0
238441,1
238442,0
238443,0
238444,1
238445,1
238446,1
238447,1
238448,1
238449,0
238450,1
238451,1
238452,0
238453,0
238454,1
238455,1
238456,1
238457,1
238458,0
238459,1
238460,1
238461,1
238462,1
238463,1
238464,1
238465,1
238466,0
238467,1
238468,0
238469,0
238470,0
238471,1
238472,1
238473,1
238474,0
238475,1
238476,0
238477,1
238478,1
238479,0
238480,0
238481,1
238482,0
238483,1
238484,0
238485,1
238486,1
238487,1
238488,0
238489,1
238490,0
238491,1
238492,1
238493,0
238494,0
238495,0
238496,0
238497,1
238498,1
238499,0
238500,1
238501,0
238502,1
238503,0
238504,0
238505,1
238506,0
238507,0
238508,1
238509,1
238510,1
238511,1
238512,0
238513,1
238514,1
238515,0
238516,0
238517,1
238518,0
238519,0
238520,0
238521,1
238522,0
238523,0
238524,0
238525,0
238526,1
238527,1
238528,1
238529,0
238530,1
238531,1
238532,1
238533,1
238534,1
238535,0
238536,0
238537,0
238538,1
238539,0
238540,0
238541,0
238542,1
238543,0
238544,1
238545,0
238546,0
238547,1
238548,1
238549,0
238550,1
238551,1
238552,0
238553,0
238554,1
238555,1
238556,1
238557,0
238558,1
238559,1
238560,1
238561,0
238562,0
238563,0
238564,1
238565,0
238566,0
238567,1
238568,0
238569,0
238570,0
238571,0
238572,0
238573,1
238574,0
238575,0
238576,1
238577,1
238578,0
238579,0
238580,1
238581,1
238582,1
238583,0
238584,0
238585,0
238586,1
238587,1
238588,0
238589,0
238590,1
238591,0
238592,1
238593,1
238594,1
238595,1
238596,0
238597,0
238598,0
238599,0
238600,0
238601,0
238602,1
238603,0
238604,1
238605,0
238606,1
238607,1
238608,1
238609,1
238610,0
238611,0
238612,0
238613,1
238614,0
238615,0
238616,0
238617,1
238618,1
238619,0
238620,0
238621,1
238622,0
238623,1
238624,0
238625,0
238626,1
238627,1
238628,1
238629,1
238630,1
238631,1
238632,1
238633,1
238634,0
238635,0
238636,1
238637,1
238638,1
238639,1
238640,1
238641,1
238642,1
238643,1
238644,0
238645,1
238646,1
238647,1
238648,1
238649,0
238650,0
238651,1
238652,0
238653,1
238654,1
238655,1
238656,0
238657,1
238658,1
238659,1
238660,1
238661,1
238662,0
238663,1
238664,1
238665,1
238666,1
238667,1
238668,1
238669,1
238670,1
238671,1
238672,0
238673,0
238674,1
238675,1
238676,1
238677,1
238678,0
238679,0
238680,1
238681,0
238682,0
238683,1
238684,0
238685,1
238686,1
238687,1
238688,0
238689,1
238690,1
238691,1
238692,1
238693,0
238694,1
238695,1
238696,1
238697,0
238698,1
238699,1
238700,1
238701,1
238702,1
238703,1
238704,0
238705,1
238706,0
238707,0
238708,0
238709,1
238710,1
238711,0
238712,0
238713,1
238714,0
238715,0
238716,0
238717,1
238718,1
238719,1
238720,1
238721,0
238722,1
238723,0
238724,1
238725,0
238726,0
238727,0
238728,0
238729,1
238730,1
238731,0
238732,0
238733,0
238734,0
238735,1
238736,0
238737,0
238738,1
238739,1
238740,1
238741,0
238742,1
238743,1
238744,1
238745,0
238746,1
238747,1
238748,1
238749,1
238750,0
238751,0
238752,0
238753,0
238754,1
238755,0
238756,0
238757,1
238758,0
238759,1
238760,1
238761,1
238762,0
238763,0
238764,1
238765,0
238766,0
238767,0
238768,0
238769,0
238770,0
238771,0
238772,0
238773,1
238774,1
238775,1
238776,0
238777,1
238778,0
238779,0
238780,1
238781,1
238782,1
238783,1
238784,1
238785,0
238786,1
238787,0
238788,0
238789,1
238790,0
238791,1
238792,0
238793,0
238794,1
238795,1
238796,1
238797,1
238798,1
238799,1
238800,1
238801,1
238802,0
238803,0
238804,1
238805,1
238806,1
238807,0
238808,1
238809,1
238810,1
238811,0
238812,1
238813,0
238814,0
238815,0
238816,1
238817,0
238818,1
238819,1
238820,1
238821,0
238822,1
238823,1
238824,0
238825,0
238826,1
238827,0
238828,1
238829,0
238830,1
238831,0
238832,0
238833,1
238834,1
238835,0
238836,1
238837,1
238838,1
238839,1
238840,0
238841,1
238842,1
238843,0
238844,1
238845,0
238846,1
238847,1
238848,0
238849,0
238850,1
238851,1
238852,1
238853,1
238854,0
238855,1
238856,0
238857,0
238858,1
238859,1
238860,1
238861,1
238862,0
238863,0
238864,0
238865,0
238866,0
238867,1
238868,0
238869,0
238870,1
238871,1
238872,1
238873,0
238874,1
238875,0
238876,0
238877,1
238878,1
238879,0
238880,1
238881,0
238882,0
238883,0
238884,1
238885,0
238886,1
238887,0
238888,1
238889,0
238890,1
238891,1
238892,1
238893,1
238894,0
238895,0
238896,0
238897,1
238898,0
238899,0
238900,1
238901,1
238902,0
238903,1
238904,1
238905,0
238906,1
238907,1
238908,1
238909,0
238910,1
238911,1
238912,1
238913,0
238914,1
238915,1
238916,1
238917,1
238918,1
238919,1
238920,0
238921,0
238922,0
238923,0
238924,0
238925,1
238926,0
238927,1
238928,1
238929,0
238930,1
238931,0
238932,0
238933,0
238934,0
238935,0
238936,1
238937,1
238938,0
238939,0
238940,0
238941,1
238942,0
238943,0
238944,0
238945,0
238946,1
238947,0
238948,0
238949,0
238950,0
238951,0
238952,0
238953,0
238954,0
238955,1
238956,0
238957,0
238958,1
238959,0
238960,1
238961,1
238962,1
238963,1
238964,0
238965,0
238966,0
238967,0
238968,0
238969,0
238970,0
238971,0
238972,1
238973,0
238974,0
238975,0
238976,0
238977,0
238978,1
238979,1
238980,1
238981,0
238982,1
238983,0
238984,0
238985,0
238986,0
238987,1
238988,0
238989,1
238990,1
238991,1
238992,1
238993,0
238994,0
238995,0
238996,1
238997,1
238998,0
238999,1
239000,0
239001,0
239002,0
239003,0
239004,0
239005,0
239006,1
239007,1
239008,1
239009,0
239010,1
239011,0
239012,0
239013,1
239014,1
239015,1
239016,1
239017,0
239018,0
239019,0
239020,1
239021,0
239022,1
239023,1
239024,1
239025,1
239026,0
239027,1
239028,1
239029,0
239030,0
239031,1
239032,0
239033,0
239034,1
239035,1
239036,0
239037,1
239038,0
239039,0
239040,1
239041,0
239042,1
239043,0
239044,0
239045,1
239046,0
239047,1
239048,1
239049,1
239050,1
239051,0
239052,1
239053,1
239054,1
239055,1
239056,0
239057,1
239058,0
239059,1
239060,0
239061,0
239062,0
239063,0
239064,1
239065,1
239066,0
239067,0
239068,1
239069,1
239070,0
239071,0
239072,0
239073,0
239074,0
239075,0
239076,1
239077,0
239078,1
239079,0
239080,0
239081,1
239082,0
239083,0
239084,1
239085,1
239086,0
239087,0
239088,1
239089,0
239090,1
239091,0
239092,0
239093,1
239094,1
239095,0
239096,0
239097,0
239098,1
239099,1
239100,0
239101,0
239102,0
239103,1
239104,1
239105,1
239106,1
239107,1
239108,1
239109,0
239110,1
239111,0
239112,1
239113,1
239114,0
239115,0
239116,0
239117,1
239118,0
239119,1
239120,0
239121,1
239122,0
239123,1
239124,1
239125,1
239126,1
239127,0
239128,1
239129,1
239130,0
239131,1
239132,1
239133,0
239134,0
239135,1
239136,0
239137,0
239138,1
239139,0
239140,1
239141,1
239142,1
239143,0
239144,0
239145,1
239146,1
239147,1
239148,0
239149,1
239150,1
239151,0
239152,1
239153,1
239154,1
239155,1
239156,0
239157,0
239158,0
239159,0
239160,1
239161,1
239162,0
239163,0
239164,0
239165,0
239166,0
239167,1
239168,1
239169,0
239170,0
239171,1
239172,0
239173,1
239174,1
239175,1
239176,1
239177,1
239178,1
239179,0
239180,1
239181,1
239182,0
239183,0
239184,1
239185,1
239186,1
239187,1
239188,1
239189,1
239190,0
239191,0
239192,1
239193,1
239194,0
239195,1
239196,0
239197,1
239198,0
239199,0
239200,0
239201,0
239202,1
239203,0
239204,1
239205,1
239206,0
239207,1
239208,0
239209,0
239210,0
239211,1
239212,0
239213,1
239214,0
239215,1
239216,0
239217,0
239218,1
239219,1
239220,1
239221,1
239222,0
239223,0
239224,0
239225,1
239226,1
239227,1
239228,0
239229,0
239230,1
239231,0
239232,0
239233,0
239234,0
239235,1
239236,1
239237,0
239238,1
239239,1
239240,0
239241,0
239242,1
239243,0
239244,0
239245,1
239246,1
239247,1
239248,0
239249,0
239250,0
239251,1
239252,0
239253,0
239254,1
239255,0
239256,1
239257,0
239258,1
239259,1
239260,1
239261,1
239262,1
239263,1
239264,1
239265,1
239266,0
239267,1
239268,1
239269,0
239270,1
239271,1
239272,1
239273,0
239274,0
239275,0
239276,0
239277,0
239278,0
239279,1
239280,0
239281,0
239282,0
239283,0
239284,1
239285,0
239286,0
239287,1
239288,0
239289,0
239290,0
239291,1
239292,1
239293,0
239294,0
239295,0
239296,0
239297,1
239298,0
239299,0
239300,1
239301,0
239302,0
239303,1
239304,1
239305,0
239306,0
239307,0
239308,1
239309,0
239310,0
239311,1
239312,1
239313,0
239314,1
239315,1
239316,0
239317,0
239318,0
239319,0
239320,0
239321,1
239322,1
239323,0
239324,1
239325,1
239326,0
239327,1
239328,0
239329,1
239330,1
239331,0
239332,1
239333,1
239334,0
239335,1
239336,1
239337,0
239338,1
239339,0
239340,1
239341,1
239342,0
239343,1
239344,0
239345,1
239346,1
239347,0
239348,1
239349,0
239350,0
239351,1
239352,0
239353,0
239354,0
239355,1
239356,1
239357,0
239358,0
239359,1
239360,1
239361,1
239362,1
239363,1
239364,1
239365,1
239366,0
239367,0
239368,1
239369,0
239370,1
239371,0
239372,0
239373,1
239374,0
239375,1
239376,0
239377,0
239378,1
239379,0
239380,0
239381,1
239382,0
239383,1
239384,0
239385,0
239386,1
239387,1
239388,1
239389,0
239390,1
239391,1
239392,1
239393,1
239394,1
239395,0
239396,0
239397,1
239398,0
239399,0
239400,1
239401,0
239402,1
239403,0
239404,1
239405,1
239406,1
239407,0
239408,1
239409,0
239410,0
239411,1
239412,0
239413,0
239414,1
239415,1
239416,1
239417,1
239418,0
239419,1
239420,1
239421,0
239422,0
239423,0
239424,0
239425,0
239426,1
239427,1
239428,1
239429,0
239430,1
239431,1
239432,0
239433,0
239434,0
239435,1
239436,1
239437,0
239438,1
239439,0
239440,1
239441,1
239442,1
239443,1
239444,0
239445,1
239446,1
239447,1
239448,0
239449,1
239450,1
239451,0
239452,0
239453,1
239454,1
239455,1
239456,0
239457,1
239458,0
239459,1
239460,1
239461,1
239462,1
239463,0
239464,0
239465,0
239466,1
239467,0
239468,0
239469,0
239470,0
239471,0
239472,1
239473,1
239474,1
239475,0
239476,1
239477,0
239478,1
239479,0
239480,1
239481,0
239482,0
239483,1
239484,1
239485,1
239486,1
239487,1
239488,1
239489,0
239490,1
239491,0
239492,0
239493,0
239494,1
239495,1
239496,0
239497,1
239498,0
239499,0
239500,1
239501,1
239502,0
239503,0
239504,1
239505,0
239506,1
239507,1
239508,0
239509,1
239510,0
239511,1
239512,0
239513,1
239514,0
239515,1
239516,1
239517,0
239518,0
239519,0
239520,1
239521,1
239522,0
239523,0
239524,1
239525,0
239526,1
239527,0
239528,1
239529,0
239530,0
239531,0
239532,1
239533,1
239534,0
239535,1
239536,1
239537,1
239538,0
239539,1
239540,1
239541,1
239542,0
239543,0
239544,0
239545,1
239546,0
239547,1
239548,0
239549,1
239550,0
239551,1
239552,1
239553,1
239554,1
239555,1
239556,0
239557,1
239558,0
239559,0
239560,1
239561,0
239562,0
239563,1
239564,0
239565,1
239566,1
239567,0
239568,0
239569,1
239570,0
239571,0
239572,1
239573,0
239574,0
239575,1
239576,0
239577,1
239578,1
239579,1
239580,1
239581,1
239582,0
239583,0
239584,0
239585,1
239586,1
239587,1
239588,1
239589,1
239590,0
239591,1
239592,1
239593,1
239594,1
239595,0
239596,1
239597,1
239598,1
239599,0
239600,1
239601,1
239602,0
239603,0
239604,0
239605,1
239606,0
239607,1
239608,0
239609,1
239610,1
239611,0
239612,1
239613,1
239614,0
239615,1
239616,0
239617,1
239618,1
239619,0
239620,1
239621,0
239622,0
239623,1
239624,0
239625,1
239626,0
239627,1
239628,1
239629,1
239630,1
239631,1
239632,0
239633,0
239634,1
239635,0
239636,1
239637,1
239638,1
239639,1
239640,0
239641,1
239642,0
239643,0
239644,0
239645,1
239646,0
239647,1
239648,1
239649,0
239650,0
239651,0
239652,0
239653,0
239654,0
239655,1
239656,1
239657,1
239658,0
239659,0
239660,0
239661,1
239662,0
239663,0
239664,0
239665,1
239666,1
239667,1
239668,1
239669,0
239670,1
239671,0
239672,0
239673,0
239674,0
239675,1
239676,0
239677,1
239678,0
239679,0
239680,0
239681,0
239682,0
239683,1
239684,1
239685,1
239686,0
239687,1
239688,1
239689,1
239690,0
239691,0
239692,0
239693,0
239694,0
239695,0
239696,1
239697,1
239698,1
239699,0
239700,0
239701,1
239702,0
239703,0
239704,1
239705,0
239706,0
239707,1
239708,0
239709,0
239710,1
239711,1
239712,0
239713,1
239714,1
239715,1
239716,0
239717,0
239718,1
239719,0
239720,0
239721,0
239722,0
239723,0
239724,0
239725,0
239726,1
239727,1
239728,0
239729,0
239730,0
239731,0
239732,1
239733,0
239734,1
239735,1
239736,1
239737,1
239738,0
239739,0
239740,1
239741,1
239742,1
239743,1
239744,1
239745,0
239746,1
239747,1
239748,1
239749,0
239750,1
239751,1
239752,0
239753,1
239754,1
239755,0
239756,0
239757,1
239758,1
239759,0
239760,1
239761,1
239762,1
239763,1
239764,0
239765,0
239766,1
239767,0
239768,1
239769,0
239770,1
239771,0
239772,0
239773,0
239774,0
239775,1
239776,1
239777,1
239778,0
239779,1
239780,0
239781,1
239782,0
239783,0
239784,1
239785,1
239786,0
239787,0
239788,1
239789,1
239790,0
239791,0
239792,0
239793,1
239794,0
239795,1
239796,1
239797,0
239798,0
239799,0
239800,0
239801,0
239802,0
239803,1
239804,1
239805,0
239806,0
239807,1
239808,1
239809,1
239810,1
239811,1
239812,1
239813,0
239814,1
239815,1
239816,0
239817,0
239818,1
239819,1
239820,0
239821,1
239822,0
239823,1
239824,0
239825,0
239826,0
239827,1
239828,1
239829,1
239830,1
239831,0
239832,1
239833,1
239834,0
239835,0
239836,1
239837,1
239838,1
239839,1
239840,1
239841,1
239842,1
239843,1
239844,0
239845,1
239846,1
239847,1
239848,0
239849,1
239850,1
239851,1
239852,1
239853,1
239854,1
239855,1
239856,1
239857,0
239858,1
239859,1
239860,1
239861,1
239862,0
239863,0
239864,1
239865,1
239866,1
239867,0
239868,0
239869,1
239870,0
239871,0
239872,0
239873,0
239874,0
239875,1
239876,0
239877,1
239878,1
239879,0
239880,0
239881,0
239882,1
239883,1
239884,0
239885,0
239886,1
239887,1
239888,0
239889,0
239890,1
239891,1
239892,1
239893,0
239894,0
239895,1
239896,1
239897,0
239898,1
239899,0
239900,1
239901,1
239902,0
239903,0
239904,1
239905,1
239906,0
239907,0
239908,0
239909,0
239910,1
239911,1
239912,1
239913,0
239914,0
239915,0
239916,0
239917,1
239918,0
239919,0
239920,0
239921,0
239922,0
239923,0
239924,0
239925,0
239926,1
239927,1
239928,1
239929,0
239930,0
239931,1
239932,1
239933,1
239934,0
239935,0
239936,0
239937,0
239938,0
239939,0
239940,1
239941,1
239942,1
239943,1
239944,0
239945,1
239946,0
239947,1
239948,0
239949,1
239950,0
239951,1
239952,1
239953,1
239954,1
239955,0
239956,1
239957,1
239958,0
239959,1
239960,1
239961,0
239962,1
239963,1
239964,0
239965,0
239966,1
239967,0
239968,1
239969,1
239970,1
239971,0
239972,1
239973,0
239974,1
239975,1
239976,1
239977,1
239978,1
239979,0
239980,0
239981,1
239982,1
239983,1
239984,1
239985,1
239986,0
239987,0
239988,1
239989,0
239990,0
239991,0
239992,0
239993,0
239994,0
239995,1
239996,0
239997,1
239998,1
239999,1
240000,1
240001,0
240002,1
240003,0
240004,1
240005,1
240006,1
240007,0
240008,1
240009,0
240010,1
240011,1
240012,0
240013,1
240014,1
240015,1
240016,0
240017,0
240018,0
240019,1
240020,0
240021,1
240022,0
240023,1
240024,1
240025,1
240026,0
240027,0
240028,1
240029,1
240030,1
240031,1
240032,0
240033,1
240034,1
240035,0
240036,1
240037,1
240038,0
240039,0
240040,1
240041,1
240042,1
240043,1
240044,0
240045,1
240046,1
240047,1
240048,1
240049,1
240050,0
240051,0
240052,1
240053,1
240054,1
240055,0
240056,0
240057,1
240058,1
240059,0
240060,1
240061,1
240062,0
240063,0
240064,1
240065,0
240066,1
240067,1
240068,0
240069,0
240070,1
240071,0
240072,1
240073,1
240074,1
240075,1
240076,1
240077,1
240078,1
240079,1
240080,0
240081,0
240082,0
240083,1
240084,1
240085,0
240086,0
240087,1
240088,1
240089,1
240090,0
240091,0
240092,0
240093,1
240094,1
240095,0
240096,1
240097,1
240098,1
240099,0
240100,1
240101,1
240102,1
240103,1
240104,0
240105,0
240106,1
240107,0
240108,1
240109,0
240110,1
240111,0
240112,0
240113,1
240114,0
240115,1
240116,1
240117,1
240118,0
240119,1
240120,1
240121,0
240122,0
240123,1
240124,0
240125,1
240126,1
240127,0
240128,0
240129,1
240130,0
240131,0
240132,0
240133,0
240134,0
240135,0
240136,1
240137,0
240138,0
240139,1
240140,0
240141,1
240142,0
240143,1
240144,1
240145,1
240146,0
240147,0
240148,0
240149,1
240150,0
240151,1
240152,0
240153,1
240154,0
240155,1
240156,1
240157,1
240158,1
240159,0
240160,1
240161,1
240162,1
240163,1
240164,1
240165,1
240166,0
240167,0
240168,0
240169,1
240170,0
240171,1
240172,1
240173,1
240174,0
240175,1
240176,1
240177,0
240178,0
240179,1
240180,1
240181,0
240182,0
240183,0
240184,1
240185,0
240186,0
240187,0
240188,1
240189,1
240190,1
240191,0
240192,1
240193,1
240194,1
240195,1
240196,1
240197,0
240198,0
240199,0
240200,0
240201,1
240202,1
240203,1
240204,0
240205,1
240206,0
240207,1
240208,1
240209,1
240210,0
240211,0
240212,1
240213,1
240214,0
240215,1
240216,1
240217,1
240218,1
240219,1
240220,1
240221,0
240222,0
240223,0
240224,1
240225,1
240226,0
240227,1
240228,1
240229,1
240230,1
240231,0
240232,0
240233,0
240234,0
240235,0
240236,1
240237,1
240238,1
240239,0
240240,0
240241,0
240242,1
240243,1
240244,1
240245,0
240246,1
240247,0
240248,0
240249,1
240250,0
240251,1
240252,0
240253,1
240254,0
240255,1
240256,0
240257,0
240258,0
240259,0
240260,0
240261,0
240262,1
240263,0
240264,1
240265,0
240266,1
240267,1
240268,0
240269,0
240270,1
240271,0
240272,1
240273,0
240274,0
240275,0
240276,0
240277,0
240278,1
240279,1
240280,1
240281,0
240282,0
240283,0
240284,0
240285,0
240286,0
240287,1
240288,0
240289,0
240290,1
240291,0
240292,1
240293,1
240294,0
240295,1
240296,1
240297,0
240298,0
240299,0
240300,0
240301,0
240302,0
240303,0
240304,0
240305,1
240306,1
240307,0
240308,0
240309,0
240310,1
240311,1
240312,1
240313,0
240314,1
240315,0
240316,1
240317,0
240318,0
240319,0
240320,1
240321,0
240322,1
240323,0
240324,1
240325,1
240326,0
240327,0
240328,1
240329,1
240330,0
240331,1
240332,0
240333,1
240334,0
240335,0
240336,1
240337,1
240338,0
240339,1
240340,1
240341,1
240342,1
240343,1
240344,1
240345,1
240346,0
240347,1
240348,1
240349,1
240350,0
240351,1
240352,0
240353,1
240354,1
240355,0
240356,0
240357,0
240358,1
240359,0
240360,0
240361,1
240362,0
240363,1
240364,1
240365,0
240366,1
240367,1
240368,1
240369,0
240370,1
240371,0
240372,1
240373,0
240374,0
240375,1
240376,1
240377,1
240378,0
240379,0
240380,0
240381,1
240382,1
240383,0
240384,1
240385,1
240386,1
240387,1
240388,1
240389,1
240390,0
240391,0
240392,1
240393,1
240394,1
240395,1
240396,0
240397,0
240398,0
240399,1
240400,1
240401,1
240402,0
240403,1
240404,0
240405,1
240406,0
240407,1
240408,0
240409,1
240410,0
240411,0
240412,0
240413,1
240414,1
240415,1
240416,0
240417,1
240418,1
240419,0
240420,1
240421,0
240422,1
240423,0
240424,0
240425,0
240426,1
240427,0
240428,1
240429,0
240430,0
240431,0
240432,0
240433,0
240434,0
240435,1
240436,1
240437,0
240438,1
240439,1
240440,1
240441,1
240442,1
240443,1
240444,0
240445,0
240446,1
240447,0
