labels_categories_0,transaction_count,holder_count,labels_country_origin
23,0,0,79
29,975773.0,109840.0,111
29,22730.0,13914.0,102
26,125.0,51.0,79
26,16417.0,6250.0,79
26,14377.0,4396.0,79
8,47601.0,3804.0,40
5,507.0,186.0,38
8,1574.0,135.0,101
26,36173.0,29127.0,79
26,0,0,39
26,0,0,79
34,0,0,111
26,0,0,79
18,20519.0,18554.0,44
26,0,0,79
26,0,0,79
26,0,0,111
8,996.0,93.0,107
26,8605.0,7154.0,79
15,0,0,111
26,4246.0,1500.0,79
0,57601.0,41341.0,44
32,10194.0,4623.0,80
26,0,0,79
26,4550.0,693.0,79
26,0,0,79
15,0,0,97
26,0,0,79
24,0,0,83
8,0,0,120
26,0,0,79
13,6583.0,243.0,79
26,8.0,6.0,79
9,1721.0,1103.0,9
26,1210.0,149.0,79
26,14113.0,2433.0,79
26,0,0,79
24,0,0,39
9,4414.0,943.0,118
26,0,0,79
10,2222.0,1117.0,111
14,0,0,1
26,0,0,79
26,24245.0,8983.0,79
26,0,0,79
26,4249.0,3520.0,79
12,0,0,79
26,0,0,79
26,0,0,79
23,0,0,111
30,0,0,101
18,0,0,97
27,0,0,79
38,0,0,22
34,0,0,39
26,54889.0,8966.0,79
7,0,0,48
5,27637.0,4454.0,22
26,1852.0,220.0,79
8,6208.0,2643.0,78
26,858.0,306.0,50
8,0,0,79
37,0,0,18
24,149610.0,13025.0,97
26,164.0,118.0,79
5,0,0,111
26,17446.0,12605.0,101
8,0,0,79
26,0,0,79
8,0,0,79
38,0,0,47
5,5696.0,928.0,71
4,13940.0,1517.0,79
23,0,0,79
23,0,0,79
8,0,0,22
5,1596.0,697.0,51
26,0,0,79
23,0,0,79
18,355505.0,50651.0,79
16,19621.0,9161.0,44
32,51804.0,4163.0,61
8,0,0,18
26,89585.0,23383.0,21
5,52659.0,32556.0,99
31,877.0,121.0,111
18,306192.0,21312.0,65
8,0,0,66
8,0,0,39
26,2749.0,437.0,79
26,0,0,79
26,0,0,79
14,8101.0,901.0,22
26,1967.0,1058.0,77
30,41241.0,37994.0,34
26,0,0,79
23,0,0,79
26,0,0,79
26,0,0,79
32,0,0,79
6,0,0,39
21,40192.0,9265.0,34
26,4488.0,453.0,79
26,0,0,79
26,138197.0,102867.0,79
26,502.0,25.0,79
26,0,0,79
4,363.0,58.0,44
22,0,0,28
14,0,0,39
26,11619.0,3175.0,79
26,151566.0,102877.0,79
26,5013.0,1547.0,101
0,16234.0,10896.0,101
8,50902.0,26933.0,23
14,0,0,120
4,38862.0,3368.0,101
26,55392.0,13792.0,79
8,163594.0,12567.0,79
26,0,0,79
26,13460.0,622.0,79
26,3281.0,1336.0,79
26,0,0,79
8,0.0,0.0,47
26,2092.0,337.0,79
26,0,0,79
8,1.0,1.0,44
27,19921.0,15611.0,39
29,96494.0,10773.0,111
7,20458.0,3892.0,111
26,39734.0,8595.0,79
8,0.0,0.0,47
26,2525.0,2072.0,34
23,0,0,79
26,0,0,79
4,2717.0,1459.0,41
26,0,0,79
26,17717.0,4068.0,79
26,6012.0,3781.0,79
26,83666.0,33943.0,63
26,10474.0,4241.0,61
8,0,0,25
26,10.0,4.0,79
26,0,0,79
8,0,0,79
26,1.0,2.0,79
26,0,0,1
26,0,0,79
8,0,0,79
24,24769.0,2023.0,56
26,47.0,18.0,79
13,206.0,63.0,79
14,23742.0,12111.0,79
26,3047.0,287.0,79
26,0,0,79
26,0,0,79
7,0.0,0.0,99
26,0,0,79
26,349.0,117.0,79
8,0,0,79
26,2354.0,1375.0,112
26,71148.0,23467.0,79
26,794.0,554.0,79
26,19186.0,18297.0,79
20,321.0,39.0,79
26,10831.0,893.0,79
26,0,0,79
26,75.0,10.0,79
26,10520.0,5986.0,79
16,10393.0,3702.0,101
4,0,0,108
12,226.0,67.0,101
8,0,0,94
26,0,0,79
30,9577.0,7266.0,115
33,0,0,44
13,0,0,39
13,16959.0,8997.0,39
5,981.0,303.0,79
8,67.0,10.0,79
26,3600.0,2226.0,79
8,0,0,93
26,0,0,79
14,6426.0,1418.0,23
26,4846.0,2102.0,101
26,0,0,79
23,0,0,79
26,42319.0,2446.0,34
4,0,0,61
26,0,0,79
26,1631.0,938.0,79
26,9331.0,1607.0,111
26,0,0,79
26,2355.0,368.0,79
8,0,0,114
14,44134.0,42191.0,97
26,145439.0,56351.0,79
26,26004.0,17129.0,79
26,0,0,79
37,64099.0,4602.0,111
23,0,0,79
8,0,0,111
28,0,0,79
26,10254.0,728.0,79
33,0,0,77
15,0,0,44
23,0,0,79
5,0,0,25
9,0,0,79
26,31733.0,8861.0,79
3,0,0,44
13,36890.0,750.0,79
26,93820.0,68178.0,79
26,65221.0,9558.0,101
26,0,0,79
23,0,0,79
26,0,0,79
32,0,0,79
26,0,0,79
8,0,0,111
33,179731.0,21334.0,36
26,0,0,61
14,93335.0,77783.0,39
26,2766.0,71.0,79
26,11399.0,2243.0,79
26,0,0,79
26,9912.0,1517.0,79
26,51880.0,2019.0,101
26,3074.0,188.0,79
26,0,0,79
8,15592.0,6052.0,87
26,0,0,79
14,2607.0,1960.0,73
18,0,0,23
15,1091.0,350.0,111
26,0,0,79
26,1.0,2.0,79
26,0,0,79
8,0,0,79
23,0,0,79
26,0,0,79
23,0,0,79
26,0,0,79
8,0,0,79
4,648.0,585.0,97
8,0,0,79
8,0,0,79
26,0,0,79
9,1909.0,648.0,80
26,26060.0,4068.0,79
26,128749.0,91808.0,79
8,0,0,79
39,20383.0,16830.0,21
26,0,0,79
26,10095.0,6709.0,79
26,0,0,79
26,36550.0,21604.0,79
26,13030.0,4173.0,79
26,412.0,39.0,79
26,0,0,79
26,0,0,79
32,0,0,79
27,4272.0,655.0,1
26,1074.0,186.0,79
26,0,0,79
31,2856.0,1293.0,44
26,304.0,102.0,79
26,34071.0,1724.0,79
8,16365.0,2312.0,79
12,0.0,0.0,79
9,44.0,4.0,107
5,1229.0,2043.0,63
10,0,0,111
26,92.0,27.0,79
5,19320.0,15609.0,101
1,41796.0,6887.0,97
26,886.0,202.0,79
38,9938.0,7109.0,44
24,0,0,101
26,0,0,79
26,64769.0,28897.0,79
26,0,0,79
7,0,0,22
26,24788.0,17211.0,79
26,91189.0,45125.0,79
29,42650.0,9253.0,111
26,84.0,17.0,79
26,1013.0,288.0,79
8,0,0,80
31,0,0,22
26,25.0,6.0,79
29,6.0,3.0,23
29,185956.0,14522.0,111
26,0,0,79
26,124623.0,101053.0,79
26,0,0,79
9,27026.0,11805.0,84
26,246526.0,11323.0,101
14,0,0,79
26,65268.0,8481.0,79
8,0,0,79
26,3581.0,1665.0,101
24,32922.0,9925.0,111
26,15865.0,3342.0,79
26,0,0,81
12,34738.0,3662.0,39
26,0,0,79
4,0,0,39
26,0,0,79
4,2644.0,1536.0,34
8,0,0,3
26,4155.0,949.0,79
5,84948.0,66889.0,111
23,0,0,79
26,0,0,79
18,4081.0,2205.0,115
26,1438.0,62.0,79
26,0,0,79
5,28129.0,10598.0,97
5,0,0,14
26,2316.0,240.0,79
26,0,0,79
26,12938.0,1014.0,79
26,30123.0,15431.0,79
14,172806.0,13763.0,39
26,1246.0,328.0,79
26,0,0,111
26,1377284.0,87372.0,101
26,0,0,79
26,12660.0,1837.0,66
26,39944.0,24775.0,79
26,3415.0,326.0,79
37,0,0,111
26,0,0,79
8,0,0,101
26,11659.0,2626.0,79
33,822.0,325.0,34
14,47635.0,21306.0,101
13,2233907.0,24463.0,79
26,915.0,125.0,79
26,0,0,79
15,709.0,347.0,61
26,114998.0,29261.0,79
8,0,0,39
23,0,0,79
14,6.0,6.0,39
26,0,0,79
26,1303367.0,195636.0,79
26,222.0,25.0,79
26,0,0,79
26,0,0,79
23,0,0,79
8,612.0,349.0,101
26,0,0,79
26,6356.0,812.0,79
26,4660.0,1167.0,79
26,0,0,79
10,2537.0,560.0,38
15,9357.0,5906.0,79
26,2951.0,147.0,79
26,0,0,79
26,0,0,111
8,0,0,97
26,0,0,79
26,1230065.0,364844.0,79
26,62011.0,28628.0,79
23,0,0,79
26,14816.0,3264.0,79
23,0,0,79
8,0,0,79
5,58099.0,17455.0,111
26,0,0,79
26,11212.0,2945.0,79
8,0,0,44
26,0,0,79
9,149.0,108.0,14
33,0,0,79
26,10842.0,6106.0,79
26,0,0,79
26,96.0,17.0,44
5,20.0,13.0,69
21,10435.0,2630.0,79
14,0,0,47
26,27.0,2.0,79
4,0,0,61
26,0,0,79
26,446.0,58.0,79
12,0,0,44
26,1108.0,425.0,44
15,35024.0,7551.0,44
34,0,0,120
15,0,0,39
26,686.0,207.0,79
26,0,0,44
26,44867.0,2437.0,34
26,0,0,79
15,0,0,66
26,0,0,79
26,0,0,22
12,0,0,34
8,28641.0,3856.0,101
26,2418.0,657.0,79
13,4752.0,245.0,63
26,0,0,79
14,0.0,0.0,23
26,53402.0,45146.0,79
26,78274.0,11933.0,79
26,57.0,2.0,79
13,38883.0,10437.0,79
26,568.0,32.0,79
14,0,0,37
5,80.0,36.0,79
26,13.0,8.0,79
26,42760.0,15677.0,79
4,17240.0,3031.0,101
15,0,0,79
26,12127.0,1181.0,101
13,1030.0,66.0,79
15,3385.0,415.0,79
8,0,0,51
35,241.0,19.0,79
26,215.0,28.0,79
0,0,0,97
26,118669.0,105866.0,79
26,0,0,79
24,24889.0,13952.0,79
26,20915.0,2284.0,111
26,5876.0,2642.0,34
26,0,0,79
26,0,0,79
26,7380.0,3323.0,34
26,0,0,79
26,0,0,79
26,330.0,309.0,79
26,2522.0,419.0,79
26,0,0,79
26,0,0,79
26,0,0,79
14,33.0,29.0,80
26,0,0,79
15,11525.0,3544.0,27
26,8008.0,1278.0,23
26,0,0,79
26,7345.0,3650.0,79
4,0,0,81
26,30853.0,27790.0,79
14,0,0,31
26,2213.0,640.0,79
14,0,0,79
18,291311.0,220429.0,111
23,0,0,79
26,13390.0,2682.0,79
35,0,0,79
8,0,0,39
8,0,0,79
8,0,0,37
8,0,0,111
26,9790.0,3074.0,79
23,0,0,79
26,0,0,79
26,0.0,0.0,79
26,1875.0,634.0,79
8,1208.0,254.0,79
26,0,0,79
8,12433.0,9756.0,97
8,0,0,79
29,0,0,25
26,0,0,79
26,0,0,79
26,0.0,0.0,79
8,0,0,10
26,0,0,79
15,0,0,39
16,0,0,18
19,0,0,75
8,0,0,79
26,0,0,79
26,0,0,79
23,0,0,79
8,184278.0,8772.0,111
6,0,0,79
8,0,0,79
23,0,0,79
26,0,0,79
23,0,0,79
37,0,0,79
26,0,0,79
11,0,0,81
8,6722.0,5386.0,13
26,0,0,22
8,0,0,79
23,0,0,79
27,5457.0,1073.0,19
28,0,0,79
26,0,0,79
26,359.0,164.0,69
26,0,0,79
26,0,0,79
28,0,0,79
26,0,0,79
26,477.0,37.0,79
26,0,0,79
8,0,0,79
14,0,0,79
26,0,0,79
14,99.0,32.0,79
26,3905.0,908.0,79
32,24368.0,625.0,111
8,0,0,31
8,4106.0,889.0,56
26,0,0,31
26,3448.0,667.0,79
26,0,0,79
27,810.0,132.0,38
26,669.0,101.0,79
26,0,0,79
8,0,0,79
26,0,0,79
28,0,0,79
28,0,0,79
26,0,0,81
5,7663.0,3411.0,101
26,0,0,79
26,0,0,79
26,0,0,79
26,121698.0,74738.0,66
14,0,0,75
26,32700.0,12861.0,79
26,0,0,79
8,3859.0,1724.0,111
31,10494.0,1253.0,51
14,10607.0,3481.0,101
13,2219.0,1876.0,79
26,1305.0,1128.0,79
26,10456.0,5592.0,101
8,0,0,56
26,0,0,79
8,0,0,111
15,0,0,25
26,0,0,79
23,0,0,79
23,0,0,22
13,3389.0,2204.0,79
26,25141.0,1410.0,79
13,81.0,4.0,79
26,1307.0,1101.0,79
26,47.0,21.0,79
26,56399.0,46475.0,79
26,0,0,79
13,85059.0,8526.0,63
26,11946.0,10122.0,79
26,466455.0,130867.0,79
8,0,0,39
22,2940.0,1459.0,23
26,0,0,79
26,0,0,79
26,0,0,79
26,0,0,79
9,23578.0,12752.0,75
8,107.0,20.0,88
26,711.0,163.0,79
26,76482.0,65012.0,79
26,205170.0,20794.0,79
23,0,0,79
26,2157.0,1433.0,79
23,0,0,79
33,22300.0,13027.0,101
26,228.0,44.0,79
26,7762.0,452.0,79
26,1168.0,106.0,79
33,27687.0,3419.0,101
13,46036.0,3305.0,44
23,0,0,79
8,0,0,8
13,0,0,79
26,0,0,79
26,1021.0,191.0,79
8,0,0,79
26,0,0,79
26,0,0,79
5,36301.0,11537.0,38
13,17595.0,14052.0,79
26,0,0,79
26,0,0,79
8,1407.0,545.0,39
26,44129.0,13517.0,79
26,0,0,79
8,0,0,39
29,0,0,101
37,0,0,89
26,0,0,79
26,0,0,79
26,13959.0,7902.0,101
26,0,0,79
26,0.0,0.0,79
8,0.0,0.0,22
26,0.0,0.0,22
26,85747.0,72451.0,79
5,0,0,48
26,0,0,79
26,0,0,79
8,9764.0,9594.0,51
26,0,0,79
26,0,0,79
26,0,0,23
8,0,0,56
13,2546.0,1023.0,79
8,9317.0,755.0,111
5,0,0,101
5,19831.0,4486.0,101
4,0,0,101
26,227.0,8.0,79
13,6250.0,795.0,79
26,0,0,79
26,52025.0,6326.0,79
26,0,0,79
26,0,0,79
26,0,0,79
8,0,0,111
26,0,0,79
6,0,0,79
12,20019.0,20010.0,25
8,0,0,97
5,598.0,193.0,79
5,15400.0,2082.0,111
14,2768.0,1538.0,39
12,0,0,39
27,16044.0,1711.0,79
10,134.0,75.0,27
24,12112.0,9478.0,34
26,0,0,79
26,88.0,24.0,79
26,92085.0,30963.0,79
26,3973.0,432.0,79
14,1.0,1.0,79
26,3969.0,2838.0,79
26,0,0,79
8,2040.0,531.0,89
26,16730.0,5620.0,79
26,0,0,79
26,6557.0,945.0,79
26,144761.0,12702.0,79
26,110.0,12.0,79
37,0,0,10
37,998.0,552.0,34
26,825.0,285.0,49
5,15464.0,8140.0,9
26,104313.0,19766.0,79
7,2018.0,512.0,76
23,0,0,79
26,5960.0,930.0,79
37,0,0,39
26,6822.0,5472.0,79
9,46385.0,9340.0,81
26,4427.0,332.0,79
26,0,0,111
8,0,0,89
26,22066.0,2850.0,81
26,11495.0,3362.0,79
26,52642.0,7113.0,111
26,0,0,79
5,0,0,44
14,64812.0,18129.0,111
26,127611.0,17132.0,79
26,46333.0,4164.0,79
26,560.0,300.0,79
26,737.0,175.0,79
26,0,0,79
5,0,0,25
26,10089.0,7937.0,79
4,12341.0,3202.0,101
33,122856.0,23708.0,101
13,12988.0,397.0,25
26,6471.0,2022.0,79
6,0,0,80
26,16.0,8.0,79
13,2380.0,367.0,79
8,111.0,46.0,107
26,0,0,79
26,9314.0,5208.0,40
26,0,0,79
26,1787.0,332.0,79
26,0,0,79
14,50006.0,17650.0,44
26,1138.0,293.0,80
26,22959.0,3463.0,79
16,4194.0,3582.0,34
8,1068.0,307.0,109
8,37237.0,3007.0,111
26,0,0,79
26,66720.0,2193.0,79
8,0,0,79
26,27693.0,10096.0,79
26,0,0,79
9,15139.0,1205.0,81
0,3792.0,1630.0,111
8,0,0,79
24,2534.0,2054.0,101
26,53695.0,10158.0,79
26,0,0,79
37,1299.0,578.0,23
26,0,0,79
26,0,0,79
26,0,0,79
26,65645.0,15794.0,79
0,7557.0,4105.0,101
12,881.0,435.0,101
26,44529.0,19943.0,79
26,28326.0,4617.0,39
26,381.0,294.0,22
26,0,0,79
26,1852.0,1242.0,79
26,28286.0,20368.0,79
26,18196.0,3446.0,111
8,0,0,111
26,80584.0,17638.0,79
26,239682.0,146032.0,79
0,434.0,130.0,81
8,5619.0,1794.0,79
26,1719.0,777.0,79
38,0,0,111
26,1.0,2.0,79
8,0,0,18
26,107077.0,20934.0,23
26,0,0,79
26,120.0,72.0,79
26,0,0,79
26,28591.0,19584.0,41
26,11902.0,4335.0,79
13,0,0,79
29,0,0,111
33,0,0,111
26,0,0,79
12,165571.0,54382.0,39
26,2015.0,246.0,79
26,27852.0,15362.0,79
4,3020.0,571.0,44
26,300.0,42.0,79
26,3249.0,619.0,79
26,0,0,79
26,0,0,79
26,3.0,2.0,79
8,0,0,82
26,827.0,207.0,79
26,0,0,79
26,770.0,102.0,79
26,0,0,79
29,2190.0,1621.0,38
26,0,0,79
26,939.0,591.0,79
26,0,0,79
8,11244.0,6107.0,115
18,3888.0,915.0,89
26,169.0,76.0,79
26,36735.0,31313.0,34
26,0,0,79
15,0,0,44
26,543.0,333.0,79
26,0,0,79
18,0,0,25
26,0,0,79
26,14957.0,6442.0,79
26,194.0,22.0,79
32,0,0,79
26,3868.0,882.0,79
26,0,0,79
26,17553.0,5288.0,96
26,794.0,47.0,79
26,5684.0,1280.0,79
8,0,0,64
26,0,0,79
13,0,0,79
32,0,0,79
26,0,0,79
8,0,0,107
8,146.0,37.0,101
32,303014.0,49542.0,25
8,190.0,53.0,111
37,0,0,95
26,89352.0,14078.0,79
26,0,0,79
37,0,0,81
26,12871.0,9055.0,79
26,4527.0,1572.0,79
26,372.0,21.0,79
26,0,0,79
26,0,0,79
26,0,0,79
26,0,0,79
26,0,0,79
26,29646.0,23914.0,79
26,0,0,79
26,0,0,79
8,0,0,79
34,0,0,18
26,0,0,79
26,0,0,79
26,121161.0,102342.0,79
26,3.0,1.0,79
26,0,0,79
26,0,0,79
26,23955.0,6450.0,79
26,117278.0,63548.0,79
26,2431.0,498.0,79
14,13764.0,5034.0,44
26,44015.0,13247.0,79
26,0,0,79
14,2163.0,2023.0,39
26,1164.0,476.0,79
26,9532.0,3792.0,79
26,0,0,79
20,48962.0,28667.0,101
26,1753.0,1046.0,79
27,0,0,111
26,19301.0,17297.0,79
32,0,0,79
8,0,0,18
29,14361.0,6351.0,23
26,0,0,79
26,409.0,196.0,79
18,21648.0,3727.0,102
4,1727.0,302.0,101
4,82165.0,17340.0,61
26,35446.0,3324.0,111
8,0,0,111
26,0,0,39
26,0,0,79
26,0,0,79
26,122.0,108.0,79
26,1124.0,48.0,79
5,2.0,2.0,51
15,3086.0,862.0,97
26,0,0,79
12,11.0,9.0,61
26,0,0,79
23,0,0,79
26,0,0,79
26,0,0,79
26,0,0,83
8,4249.0,739.0,4
26,0,0,79
26,0,0,79
26,133472.0,3401.0,79
14,133472.0,7184.0,111
1,8352.0,3545.0,41
26,53998.0,19777.0,111
5,0,0,26
26,42588.0,1847.0,79
5,37023.0,3446.0,111
26,0,0,31
26,0,0,79
26,33378.0,6670.0,79
26,0,0,79
26,202.0,111.0,79
26,0,0,101
14,7562.0,2810.0,101
8,100022.0,66292.0,101
26,0,0,79
23,0,0,79
26,59498.0,3708.0,65
32,785775.0,62986.0,79
26,0,0,79
8,0,0,25
14,0,0,84
34,0,0,111
15,0,0,79
26,0,0,79
26,30667.0,4887.0,79
13,54763.0,14523.0,79
11,334.0,179.0,111
26,89779.0,9288.0,79
26,0,0,79
23,0,0,79
26,695.0,229.0,79
26,55226.0,31293.0,79
26,0,0,79
26,2497.0,941.0,79
12,0,0,75
26,0,0,79
8,0,0,110
32,20501.0,1082.0,79
33,0,0,101
26,13876.0,3412.0,79
26,5.0,4.0,79
26,565.0,77.0,79
26,938.0,35.0,79
26,135852.0,19517.0,97
8,0,0,111
8,0,0,111
26,0,0,81
14,0,0,79
26,0,0,79
26,417.0,154.0,79
33,495071.0,45630.0,111
24,1592.0,438.0,79
23,0,0,79
26,0,0,79
26,14192.0,2380.0,79
31,0,0,97
26,29021.0,3846.0,79
8,0,0,34
24,17331.0,8832.0,111
26,0,0,79
4,26068.0,2430.0,10
26,0,0,79
26,2947.0,719.0,36
26,9205.0,5545.0,111
26,2975.0,477.0,79
26,43673.0,27609.0,79
8,0,0,79
26,8772.0,1236.0,79
0,13796.0,5672.0,101
26,47958.0,32224.0,101
26,0,0,79
26,35992.0,1088.0,79
26,0,0,79
26,65982.0,9749.0,79
26,179277.0,100373.0,79
26,134492.0,22438.0,79
26,1345.0,1.0,79
9,87008.0,10357.0,108
26,0,0,79
12,21735.0,9639.0,25
13,0,0,79
4,0,0,79
26,0,0,79
26,0,0,79
26,8.0,2.0,79
8,2.0,2.0,111
13,0,0,79
13,21432.0,581.0,79
26,8913.0,2652.0,79
26,55643.0,44434.0,79
26,0,0,79
26,3649.0,568.0,79
13,26918.0,930.0,79
4,98411.0,63183.0,44
26,14955.0,6154.0,39
26,1094.0,253.0,101
26,1972.0,944.0,28
26,15628.0,8004.0,1
8,0,0,47
26,3.0,2.0,79
14,2718.0,1318.0,34
26,14590.0,2125.0,79
26,0,0,79
13,0,0,79
5,3767.0,1876.0,89
26,0,0,79
23,0,0,79
13,14828.0,2863.0,79
13,467.0,291.0,97
26,136293.0,8009.0,115
5,28356.0,13794.0,115
13,7592.0,1916.0,79
8,0,0,9
0,5439.0,1719.0,34
14,22440.0,4863.0,61
26,6142.0,2581.0,97
26,0,0,79
13,1515.0,27.0,79
13,2.0,2.0,79
26,0,0,79
26,0,0,79
23,0,0,79
9,0,0,79
8,10679.0,4278.0,101
26,0,0,79
26,0,0,79
26,10856.0,2090.0,79
26,7257.0,1813.0,79
26,0,0,79
26,164941.0,20426.0,79
26,0,0,79
26,0,0,79
26,0,0,110
26,9784.0,1399.0,79
26,0,0,79
28,0,0,79
12,4222.0,1721.0,31
38,0,0,116
23,0,0,79
26,0,0,79
26,0,0,79
14,376.0,97.0,39
14,3435.0,910.0,109
26,0,0,79
26,0,0,79
26,145026.0,16947.0,101
26,0,0,79
26,1185.0,306.0,79
26,0,0,79
26,0,0,79
26,99516.0,30341.0,79
26,28305.0,2324.0,79
29,20958.0,1527.0,61
12,94296.0,16276.0,79
26,120090.0,2281.0,79
26,16571.0,7826.0,49
26,0,0,79
8,0,0,111
26,0,0,79
26,2734.0,1026.0,79
21,43718.0,12279.0,31
26,0,0,79
26,4202.0,808.0,79
26,0.0,0.0,79
26,77666.0,24283.0,79
26,24171.0,15886.0,79
8,0,0,79
23,0,0,79
12,9737.0,8709.0,44
13,2917.0,552.0,101
14,18670.0,13261.0,60
22,0,0,79
8,23625.0,15366.0,79
26,0,0,23
32,0,0,79
27,7321.0,703.0,99
26,0,0,79
4,0,0,111
26,394.0,86.0,79
26,46386.0,0,101
26,53696.0,8069.0,41
26,2385.0,578.0,79
26,0,0,79
26,1515.0,27.0,79
26,65255.0,10673.0,79
27,3919.0,540.0,81
8,0,0,79
26,78.0,38.0,79
26,15195.0,13727.0,79
8,0,0,79
8,175.0,0,22
23,0,0,79
26,11898.0,6053.0,79
26,0,0,79
26,81.0,9.0,79
26,399.0,84.0,79
26,0,0,119
26,11835.0,1540.0,79
26,148074.0,21909.0,101
26,63991.0,16946.0,79
14,0,0,101
33,114072.0,89939.0,111
26,75.0,14.0,79
26,0,0,79
26,0,0,79
8,0,0,36
14,1418.0,739.0,61
8,0,0,31
26,0,0,79
26,0,0,79
23,0,0,79
18,17023.0,12891.0,34
5,27330.0,3295.0,63
30,6954.0,3461.0,101
26,102.0,25.0,79
14,1506.0,1976.0,15
8,0,0,25
26,2824.0,2715.0,79
14,757.0,528.0,39
8,0,0,79
26,10282.0,4469.0,31
8,90.0,36.0,23
19,0,0,79
26,1495.0,1392.0,34
32,4913.0,4268.0,34
26,123942.0,41808.0,101
26,2282.0,533.0,79
28,0,0,111
8,6189.0,400.0,111
26,0,0,79
26,28794.0,9000.0,111
4,4200.0,3521.0,111
26,137.0,45.0,96
15,137.0,555.0,75
26,137.0,0.0,79
7,340.0,49.0,105
5,0,0,111
14,0,0,34
26,461.0,55.0,79
26,130158.0,26462.0,79
8,0,0,51
5,0,0,51
5,4012.0,2278.0,53
26,0,0,79
8,0,0,39
14,0,0,39
33,4012.0,1067.0,54
26,2066.0,97.0,79
14,357.0,226.0,97
7,22649.0,4836.0,79
26,0,0,79
0,5944.0,2893.0,75
26,6527.0,809.0,79
14,0,0,39
26,0,0,79
26,39.0,18.0,79
26,1502.0,773.0,79
26,669.0,25.0,79
26,0,0,79
15,2778.0,1582.0,39
8,0,0,79
26,40870.0,24134.0,79
8,0,0,23
26,1222.0,520.0,79
8,0,0,119
26,0,0,79
33,0,0,79
12,0,0,79
8,0,0,101
26,0,0,79
11,13613.0,2874.0,36
19,0,0,111
5,322.0,148.0,111
33,0,0,111
10,0,0,18
26,0,0,79
26,136342.0,46661.0,79
26,0,0,79
8,0,0,79
9,0,0,44
5,0,0,111
26,8419.0,540.0,79
26,1279.0,77.0,79
13,0,0,54
15,170.0,92.0,79
26,0,0,79
26,0,0,79
26,0,0,79
26,0,0,67
26,0,0,79
8,0,0,81
4,48848.0,9892.0,79
26,0,0,79
26,0,0,79
26,0,0,79
26,550.0,7.0,79
26,0,0,79
26,0,0,79
5,8971.0,2067.0,101
26,6190.0,4832.0,79
23,0,0,79
26,4286.0,483.0,79
8,0,0,79
26,0,0,79
12,60252.0,13573.0,111
15,690.0,288.0,80
26,205961.0,22465.0,111
26,15201.0,1590.0,79
26,82481.0,41023.0,79
27,1785.0,250.0,39
11,42250.0,22101.0,101
26,0,0,79
26,0,0,39
26,0,0,28
26,0,0,79
26,67982.0,3585.0,79
19,0,0,25
4,265368.0,143523.0,25
4,5316.0,2509.0,78
5,53368.0,9541.0,39
9,21829.0,9377.0,25
8,0,0,97
26,66484.0,62167.0,79
35,2249131.0,152316.0,79
8,0,0,79
8,90.0,45.0,80
4,384.0,207.0,44
26,9426.0,771.0,79
26,0,0,79
26,7223.0,3935.0,79
0,33117.0,12812.0,34
26,781.0,97.0,79
26,0,0,79
26,25927.0,5748.0,79
19,522.0,123.0,39
26,17306.0,4394.0,101
18,42320.0,6579.0,49
26,0,0,79
26,0,0,63
4,27012.0,4366.0,101
26,0,0,79
26,0,0,79
26,51227.0,7863.0,79
26,0,0,111
26,0,0,79
8,0,0,36
20,33352.0,5216.0,41
26,0,0,79
26,0,0,79
26,0,0,79
26,0,0,111
26,85170.0,1257.0,79
26,0,0,79
28,0,0,79
8,0,0,79
26,343785.0,185139.0,115
26,0,0,79
26,5996.0,1541.0,14
26,0,0,79
26,0,0,79
26,3336.0,855.0,79
3,0,0,25
26,635.0,135.0,79
14,29104.0,5606.0,27
19,0,0,79
26,267222.0,129765.0,79
26,896.0,29.0,79
3,19467.0,4973.0,111
26,441.0,135.0,79
26,67434.0,11405.0,79
26,79664.0,58223.0,101
26,35823.0,18782.0,23
14,0,0,34
26,121267.0,55902.0,79
13,5868.0,1477.0,39
26,0,0,79
26,0,0,79
4,4.0,2.0,61
26,53.0,4.0,79
26,0,0,79
26,827.0,484.0,79
26,8012.0,2550.0,79
13,23267.0,3174.0,79
8,0,0,101
26,0,0,79
26,24556.0,9485.0,79
5,43540.0,12824.0,66
4,0,0,23
26,35540.0,3438.0,79
12,377108.0,30877.0,7
26,17274.0,5671.0,79
8,1501.0,292.0,87
24,141245.0,35053.0,41
26,0,0,79
26,4582.0,2563.0,79
26,518.0,147.0,79
5,39190.0,4335.0,10
8,0,0,79
0,0,0,79
0,1200.0,92.0,101
26,50162.0,49050.0,79
28,0,0,79
14,0,0,97
8,5851.0,650.0,79
26,0,0,79
8,0,0,22
26,0,0,79
5,560.0,166.0,109
12,114.0,43.0,1
26,0,0,79
26,40624.0,23315.0,79
5,0,0,47
4,0,0,34
26,66479.0,6115.0,79
26,14602.0,3141.0,111
8,3556.0,1473.0,111
26,353.0,251.0,54
23,0,0,79
23,0,0,79
26,2379.0,312.0,79
26,297766.0,27808.0,25
16,198359.0,37608.0,79
26,221.0,60.0,79
28,0,0,79
37,0,0,111
26,0,0,79
23,0,0,79
10,78.0,14.0,23
26,0,0,79
26,0,0,79
26,0,0,79
31,27320.0,3607.0,79
28,0,0,79
13,65613.0,4379.0,79
26,0,0,79
9,50870.0,27873.0,80
5,0,0,111
26,0,0,79
14,0,0,108
26,743.0,89.0,79
23,0,0,18
32,0,0,79
13,152.0,6.0,34
26,0,0,79
23,0,0,79
4,4683.0,3157.0,34
8,0,0,21
26,0,0,79
26,2618.0,338.0,79
13,2618.0,338.0,79
23,0,0,79
36,10524.0,2303.0,68
26,0,0,79
26,62436.0,43572.0,101
26,552.0,222.0,79
8,1591.0,698.0,63
26,1558.0,95.0,79
26,279.0,82.0,79
26,0,0,79
8,0,0,120
23,0,0,79
26,0,0,79
9,0,0,84
13,91707.0,12738.0,99
26,119639.0,11370.0,101
1,26371.0,1528.0,79
26,8116.0,3339.0,79
26,0,0,119
14,0,0,117
26,0,0,79
26,0,0,79
23,0,0,79
8,0,0,36
26,4382.0,2413.0,79
8,0,0,49
26,147841.0,104516.0,79
26,0,0,79
19,5449.0,2702.0,34
23,0,0,79
26,155456.0,61293.0,25
26,17860.0,11473.0,79
26,0,0,79
4,215411.0,28114.0,111
5,0,0,79
26,0,0,79
5,0,0,32
14,0,0,97
26,0,0,79
23,0,0,79
26,21328.0,14972.0,79
26,0,0,79
26,23016.0,5096.0,110
19,0,0,77
26,1119.0,116.0,79
26,0,0,79
26,0,0,79
4,29509.0,11826.0,79
3,121362.0,30491.0,111
32,2209.0,1157.0,39
8,0,0,111
8,0,0,79
26,0,0,6
8,0,0,81
26,107410.0,14503.0,79
26,0,0,79
21,0,0,65
8,0,0,79
26,0,0,31
26,20307.0,8524.0,79
4,0,0,111
26,950.0,155.0,79
26,0,0,79
26,18886.0,11255.0,23
26,0,0,79
32,2985.0,1736.0,56
29,9565.0,3200.0,101
26,0,0,79
8,14654.0,2778.0,39
14,1077.0,156.0,1
3,22042.0,5973.0,25
26,0,0,79
26,238193.0,35604.0,111
26,22194.0,3486.0,79
26,12876.0,844.0,34
26,0,0,79
13,6480.0,1200.0,101
26,10614.0,1179.0,79
26,0,0,79
26,208800.0,170617.0,79
26,0,0,79
26,4094.0,654.0,79
12,3759.0,2283.0,110
8,0,0,119
26,172095.0,112809.0,79
26,0,0,79
26,405651.0,44671.0,111
26,154.0,40.0,79
26,0,0,79
33,0,0,79
26,0,0,119
8,0,0,47
26,9416.0,379.0,79
7,33010.0,14019.0,81
7,17884.0,15426.0,79
3,25094.0,5665.0,101
26,0,0,79
13,13622.0,3725.0,110
8,5027.0,427.0,120
8,11939.0,2466.0,56
14,0,0,47
23,0,0,79
26,0,0,79
11,16350.0,8243.0,50
26,7420.0,3200.0,89
26,0,0,79
8,190.0,37.0,4
8,0,0,111
14,49387.0,21632.0,79
26,9737.0,3630.0,79
26,29696.0,4894.0,79
26,12191.0,1429.0,79
26,0,0,79
8,0.0,0.0,79
26,0,0,79
26,154.0,91.0,79
26,5601.0,2526.0,44
26,5691.0,1489.0,79
26,47034.0,18432.0,79
26,0,0,79
26,6982.0,2736.0,79
27,0,0,78
26,2521.0,1612.0,79
26,0,0,79
14,611.0,399.0,79
8,0.0,0.0,101
26,17579.0,9751.0,79
11,31109.0,25899.0,44
8,547.0,246.0,51
26,13382.0,1365.0,79
26,0,0,79
8,0,0,18
26,0,0,79
26,0,0,79
12,0,0,111
26,0,0,79
26,0,0,79
26,4828.0,2670.0,79
26,0,0,79
26,41928.0,669.0,79
26,156775.0,50507.0,79
26,0,0,79
10,0,0,9
26,30872.0,17153.0,79
26,71103.0,56326.0,101
26,0,0,79
26,0,0,79
8,3129.0,803.0,34
0,0,0,81
26,1078.0,510.0,79
33,447209.0,16713.0,101
8,193.0,114.0,77
26,0,0,79
4,56165.0,6637.0,23
5,2778.0,181.0,81
26,61812.0,52790.0,79
8,0,0,97
26,1692.0,829.0,79
0,11727.0,5802.0,101
26,10497.0,3315.0,79
26,0,0,79
23,0,0,79
26,0,0,79
26,2227.0,119.0,79
11,184122.0,127431.0,101
26,0,0,79
8,0,0,79
14,0,0,39
26,137774.0,5211.0,79
26,0,0,79
26,287416.0,18936.0,79
26,0,0,79
26,0,0,79
4,2639.0,238.0,111
27,39731.0,33147.0,101
32,812.0,156.0,101
26,0,0,79
26,0,0,79
10,164.0,115.0,39
26,0,0,29
26,10343.0,2578.0,102
14,0,0,99
26,6109.0,1263.0,79
26,937.0,429.0,41
26,24364.0,3353.0,79
23,0,0,79
8,0,0,38
26,15738.0,3287.0,79
26,26551.0,2769.0,79
7,0,0,79
4,35384.0,31381.0,21
26,0,0,10
26,0,0,79
26,104574.0,6222.0,79
26,7615.0,746.0,79
8,0,0,111
16,0,0,79
26,25836.0,3842.0,79
26,299.0,64.0,79
26,0,0,79
24,5209.0,5093.0,61
26,14191.0,8009.0,34
26,0,0,79
6,0,0,111
26,30687.0,1704.0,79
23,0,0,111
26,17369.0,5265.0,79
26,0,0,79
10,0,0,97
26,0,0,79
26,20938.0,2873.0,111
26,7347.0,1184.0,79
15,0,0,79
8,0,0,79
26,63049.0,10667.0,79
26,0,0,79
19,0,0,111
26,0,0,79
11,32973.0,21364.0,41
26,9529.0,4260.0,79
26,13.0,9.0,79
26,0,0,79
26,0,0,79
26,928.0,267.0,79
26,6454.0,3927.0,111
26,10641.0,1038.0,79
32,126149.0,21218.0,79
4,11267.0,7565.0,102
37,11903.0,2660.0,44
26,0,0,79
26,32.0,17.0,79
26,0,0,79
14,4945.0,2407.0,39
26,290686.0,91071.0,79
26,9912.0,3838.0,79
32,0,0,79
32,0,0,111
26,0,0,79
15,0,0,5
26,0,0,79
26,0,0,79
18,0,0,22
26,7489.0,3575.0,79
26,168084.0,97094.0,79
26,0,0,79
26,0,0,79
26,0,0,79
26,0,0,79
26,0,0,79
26,0,0,79
15,0,0,79
15,0,0,75
15,0,0,79
26,5976.0,2345.0,61
26,0,0,79
26,0,0,79
26,4654.0,2089.0,79
8,0,0,111
8,0,0,79
12,1360.0,710.0,79
4,875.0,357.0,10
26,4.0,2.0,79
26,0.0,0.0,79
26,0,0,79
26,0,0,79
12,77.0,25.0,79
4,112228.0,91495.0,20
26,10007.0,1923.0,79
26,0,0,79
26,7240.0,1811.0,79
8,4950.0,1218.0,101
26,0,0,79
8,106.0,38.0,107
8,28672.0,27586.0,39
26,417.0,55.0,79
4,11575.0,9082.0,39
26,5169.0,2580.0,79
15,0,0,37
26,3924.0,1038.0,31
26,21673.0,12781.0,79
26,2459.0,900.0,97
26,47743.0,18874.0,23
21,147.0,25.0,75
13,17932.0,6316.0,65
26,4718.0,884.0,79
26,3856.0,927.0,39
26,20197.0,3766.0,23
18,0,0,111
8,1133.0,867.0,47
13,17368.0,6376.0,79
12,128237.0,2084.0,79
32,0,0,79
26,54122.0,48037.0,79
8,0,0,51
32,0,0,23
26,0,0,79
26,0,0,79
26,18645.0,2451.0,79
26,2197.0,349.0,39
26,8278.0,577.0,79
37,743.0,133.0,53
8,1684.0,558.0,107
33,9088.0,7353.0,77
26,6654.0,3570.0,23
26,433.0,199.0,69
8,0,0,101
5,0,0,10
14,967.0,439.0,23
26,1076.0,126.0,79
33,32581.0,1601.0,97
26,14312.0,7553.0,111
5,673.0,234.0,39
26,19178.0,1652.0,79
8,101521.0,62331.0,22
7,0,0,61
12,6063.0,552.0,79
8,9732.0,3788.0,75
26,0,0,79
26,0,0,79
26,59278.0,415.0,79
26,331540.0,164812.0,34
15,9800.0,1943.0,63
26,175114.0,28500.0,79
26,75903.0,43949.0,79
14,156.0,93.0,51
26,43932.0,23936.0,79
26,0,0,79
26,12636.0,9753.0,79
26,0,0,79
26,0,0,111
27,7663.0,4323.0,89
8,0,0,79
5,810.0,26.0,36
26,0,0,79
8,13540.0,9927.0,79
26,3484.0,833.0,79
5,810.0,177.0,79
26,0.0,0.0,79
26,795.0,241.0,81
4,445.0,129.0,15
38,18308.0,1929.0,79
26,0,0,79
26,67737.0,22868.0,22
14,94479.0,8183.0,79
26,0,0,111
24,0,0,79
26,40479.0,5582.0,79
14,23433.0,4946.0,105
8,7469.0,1444.0,56
26,0,0,79
26,0,0,79
26,62792.0,60257.0,79
33,0,0,25
26,8009.0,1904.0,79
26,0,0,79
9,0,0,79
13,4074.0,1971.0,79
29,24083.0,4806.0,79
23,0,0,79
5,0,0,49
28,14013.0,2648.0,79
8,0,0,39
26,0,0,79
26,7.0,2.0,79
26,0,0,39
23,0,0,51
32,0,0,79
8,0,0,111
26,0,0,79
7,24953.0,6105.0,23
4,0,0,97
26,42089.0,6062.0,79
5,0,0,79
23,0,0,79
9,1987.0,768.0,79
15,0,0,56
26,0,0,79
26,0,0,79
26,2699.0,362.0,79
26,8812.0,2012.0,79
33,0,0,79
26,7655.0,3535.0,34
29,8678.0,2372.0,111
26,0,0,79
3,27292.0,19186.0,79
26,3996.0,1356.0,79
26,1620.0,486.0,79
26,1207.0,379.0,79
32,0,0,79
26,1543.0,495.0,79
6,89132.0,2518.0,95
26,0,0,79
4,386.0,43.0,81
26,2511.0,353.0,79
26,11600.0,5223.0,79
26,0,0,79
12,188001.0,141366.0,79
26,0,0,79
34,0,0,79
26,84502.0,6265.0,19
26,0,0,79
26,421.0,91.0,79
12,582.0,121.0,79
26,13893.0,4512.0,1
16,13583.0,6148.0,39
26,0,0,79
26,0,0,79
26,0,0,22
26,0,0,79
13,2292.0,2110.0,79
8,0,0,56
26,49290.0,46733.0,79
13,35801.0,672.0,79
26,0,0,79
26,0,0,79
26,0,0,79
8,0,0,10
26,5213.0,805.0,79
8,0,0,39
26,12248.0,11127.0,79
27,923.0,37.0,61
23,0,0,79
18,6776.0,1701.0,75
26,39339.0,4140.0,79
0,56812.0,5558.0,39
13,213.0,73.0,79
14,0,0,106
26,0,0,79
19,277.0,71.0,23
26,22.0,11.0,79
13,1491.0,554.0,111
26,11770.0,3978.0,101
13,5974.0,404.0,79
26,43.0,21.0,90
8,0,0,44
26,0,0,79
36,0,0,111
26,0,0,79
26,0,0,79
26,287.0,29.0,79
26,3904.0,640.0,79
8,0,0,79
0,0,0,101
9,3086.0,12.0,101
26,0,0,79
4,0,0,22
26,3.0,2.0,44
8,16170.0,14885.0,107
14,0,0,79
33,1750.0,864.0,28
26,1461.0,36.0,79
26,28445.0,6447.0,28
26,0,0,79
26,0,0,79
8,664.0,502.0,18
26,16576.0,1953.0,10
8,12549.0,2539.0,47
26,2806.0,2244.0,79
14,0,0,103
26,0,0,79
26,0,0,79
8,23424.0,4660.0,101
14,13488.0,1353.0,111
13,0,0,79
26,0,0,79
26,5277.0,679.0,79
14,0,0,79
33,0,0,81
26,22524.0,2901.0,7
26,0,0,79
26,324.0,78.0,79
26,1546.0,665.0,79
26,13242.0,3537.0,26
13,5605.0,1031.0,79
26,18935.0,1601.0,79
26,81089.0,77778.0,79
18,29505.0,1839.0,111
26,107.0,95.0,79
26,0,0,79
26,0,0,79
23,0,0,79
26,0,0,79
26,5833.0,1797.0,79
26,0,0,39
24,25866.0,3703.0,101
26,0,0,79
26,4449.0,412.0,79
30,73.0,50.0,34
26,30805.0,15840.0,79
26,91714.0,50709.0,25
14,15110.0,7033.0,39
26,0,0,79
26,3826.0,1398.0,79
14,15291.0,6254.0,36
26,0,0,79
26,0,0,30
5,0,0,47
26,0,0,79
11,0,0,39
8,59660.0,10418.0,14
26,2560.0,1016.0,89
26,0,0,79
4,3446.0,2944.0,22
26,0,0,38
23,0,0,79
19,84383.0,44490.0,23
26,0,0,79
23,0,0,79
26,78060.0,3452.0,79
27,11222.0,7139.0,81
14,83449.0,13220.0,101
8,11224.0,6347.0,39
26,0.0,0.0,79
26,0,0,79
26,0,0,79
14,60506.0,20765.0,4
26,5069.0,980.0,75
26,0,0,79
26,54.0,23.0,79
5,23711.0,12066.0,14
15,404974.0,65394.0,79
26,31265.0,15121.0,79
3,2048.0,760.0,78
15,0,0,48
26,0,0,79
14,0,0,79
11,0,0,111
26,18661.0,3595.0,79
26,2304.0,316.0,101
32,0,0,61
26,0,0,79
5,0,0,79
26,0,0,79
27,5881.0,808.0,120
14,41052.0,8538.0,23
26,0,0,79
8,400.0,173.0,39
26,26581.0,3358.0,101
14,0,0,111
26,0,0,79
26,0,0,79
5,0,0,39
23,0,0,79
5,0,0,97
26,18565.0,8823.0,44
26,15804.0,2574.0,79
26,0,0,79
8,0,0,31
26,0,0,79
31,113145.0,49942.0,75
26,697.0,129.0,79
12,121594.0,12931.0,25
26,0,0,79
26,1836.0,319.0,79
26,802.0,89.0,79
8,0,0,111
26,0,0,79
26,39.0,11.0,79
26,90485.0,59523.0,79
26,1619.0,1280.0,79
8,71957.0,25413.0,47
12,14172.0,4000.0,111
12,0,0,47
12,4729.0,1122.0,99
8,4729.0,12368.0,61
26,0,0,79
0,4729.0,2406.0,34
23,0,0,111
26,0,0,79
26,10866.0,10603.0,79
26,0,0,79
8,3120.0,1126.0,47
26,0,0,79
4,16718.0,3757.0,44
26,0,0,79
26,1678.0,689.0,10
26,0,0,79
26,0,0,79
26,0,0,48
13,0,0,79
26,11191.0,3262.0,79
26,1693.0,205.0,79
26,0,0,79
8,0,0,79
26,0,0,61
35,62117.0,2770.0,79
26,1878.0,100.0,79
26,36751.0,12341.0,79
26,1151.0,249.0,79
31,1169.0,327.0,63
26,988.0,174.0,79
26,79228.0,39801.0,79
26,20404.0,607.0,79
26,931.0,496.0,79
37,7695.0,5660.0,101
8,589.0,445.0,104
4,0,0,111
26,5614.0,2446.0,111
26,77619.0,6935.0,97
8,0,0,79
26,93990.0,83282.0,79
26,2254.0,318.0,79
26,0,0,10
8,0,0,79
5,0,0,97
12,0.0,0.0,79
5,1515.0,679.0,79
29,27545.0,9928.0,79
15,0,0,49
26,0,0,79
26,0,0,79
26,0,0,79
26,307.0,204.0,79
26,0,0,79
9,0,0,79
26,314000.0,115463.0,44
23,0,0,79
26,21556.0,652.0,79
26,3470.0,939.0,75
26,5960.0,3589.0,79
23,0,0,79
26,0,0,79
26,0,0,79
26,4211.0,1599.0,111
26,23600.0,9558.0,111
26,0,0,79
26,0,0,79
26,0,0,79
8,0,0,25
26,0,0,79
26,0,0,79
18,174.0,80.0,81
26,44511.0,11441.0,79
8,0,0,81
26,2042.0,567.0,23
8,168.0,41.0,14
14,0,0,111
26,2500.0,1864.0,79
26,124051.0,58423.0,79
26,0,0,79
14,608.0,234.0,39
26,18246.0,8318.0,63
9,6172.0,1379.0,72
7,4594.0,2125.0,39
13,7715.0,3835.0,41
7,510.0,192.0,23
26,9786.0,97.0,79
23,0,0,79
8,9939.0,2542.0,101
26,543.0,303.0,79
33,155491.0,10637.0,31
0,725.0,466.0,55
26,6299.0,3582.0,23
23,0,0,79
8,0,0,47
4,0,0,60
9,7686.0,238.0,78
26,0,0,24
38,18385.0,10961.0,101
26,151.0,46.0,79
26,873.0,310.0,79
26,57004.0,7842.0,10
26,0,0,79
26,3391.0,405.0,79
26,0,0,79
15,0,0,97
8,33539.0,5637.0,79
26,0,0,79
26,6840.0,5658.0,79
18,10985.0,1850.0,10
8,0,0,101
26,1.0,2.0,79
26,0,0,79
1,19874.0,5243.0,97
26,0,0,79
23,0,0,79
5,376.0,23.0,107
26,0,0,79
26,44.0,22.0,79
26,111032.0,11078.0,79
26,0,0,79
26,0,0,79
26,610.0,153.0,79
26,0,0,79
29,46468.0,13316.0,39
26,0,0,79
26,1523.0,242.0,79
5,626.0,247.0,25
26,558.0,448.0,79
7,0,0,31
18,9496.0,3587.0,101
26,0,0,79
26,5712.0,3183.0,49
8,0,0,39
26,0,0,79
26,0,0,79
26,15099.0,2851.0,79
8,0,0,18
26,0,0,111
26,0,0,79
8,923.0,47.0,115
26,578.0,76.0,79
26,0,0,79
7,10142.0,4153.0,56
8,0,0,111
26,352.0,67.0,79
26,0,0,79
8,0,0,79
8,0,0,79
26,17789.0,6761.0,79
26,0,0,79
26,3439.0,1282.0,79
4,0,0,111
26,2893.0,1040.0,39
5,15907.0,11673.0,80
26,13539.0,3076.0,79
37,0,0,79
26,0,0,79
8,0,0,79
12,3564.0,1873.0,61
16,23.0,9.0,111
26,0,0,79
26,0,0,79
26,265.0,228.0,87
26,617201.0,305717.0,101
26,0,0,79
26,20485.0,1219.0,79
26,2995.0,119.0,79
26,663.0,189.0,79
26,49664.0,25453.0,79
23,0,0,79
26,0,0,79
26,0,0,79
26,0,0,79
26,0,0,79
26,5229.0,2647.0,79
26,20724.0,9633.0,79
26,1022.0,438.0,79
8,0,0,79
3,0,0,79
26,0,0,79
26,21754.0,3443.0,97
26,4348.0,522.0,79
26,6193.0,647.0,79
5,1309.0,873.0,111
26,0,0,79
26,82693.0,3158.0,79
26,8800.0,2410.0,79
26,0,0,79
8,30949.0,2296.0,56
26,15.0,8.0,101
26,0,0,79
26,0,0,79
26,8935.0,5907.0,79
34,0,0,10
26,0,0,79
3,0,0,101
4,0,0,38
26,36028.0,2211.0,79
26,2725.0,478.0,79
26,0,0,79
26,167.0,68.0,79
23,0,0,79
8,0,0,79
32,2407.0,804.0,105
26,413.0,159.0,79
26,30838.0,9793.0,79
26,12561.0,6992.0,101
26,156067.0,142995.0,79
26,0,0,79
26,208.0,114.0,79
26,0,0,79
6,2231.0,1294.0,79
9,44146.0,9140.0,10
8,0,0,44
38,0,0,111
26,9069.0,2075.0,79
26,26511.0,21646.0,79
26,0,0,79
29,0,0,21
19,0,0,23
26,1553.0,713.0,79
26,16259.0,12301.0,79
26,0,0,79
26,530546.0,51699.0,79
26,58.0,2.0,79
26,540.0,158.0,97
26,0,0,79
5,236.0,184.0,22
29,0,0,111
14,538.0,169.0,44
14,0,0,39
5,68756.0,21847.0,101
23,0,0,79
23,0,0,79
8,0,0,81
26,0,0,79
26,0,0,79
1,26266.0,10546.0,78
26,3695.0,1204.0,101
6,0,0,115
6,0,0,111
6,1736.0,212.0,95
6,22.0,14.0,97
23,0,0,79
26,0,0,82
8,0,0,120
23,0,0,79
23,0,0,79
26,6607.0,2915.0,31
33,2505.0,286.0,63
26,139171.0,5706.0,79
29,165816.0,68200.0,101
14,25675.0,11933.0,23
8,0,0,111
26,6139.0,132.0,79
26,1985.0,756.0,79
26,0,0,79
26,812.0,140.0,79
26,0,0,79
26,0,0,79
26,0.0,0.0,79
8,55144.0,5072.0,25
15,0,0,39
23,0,0,79
8,0,0,101
26,156022.0,63707.0,79
24,0,0,111
26,22601.0,6414.0,79
32,3505.0,2948.0,39
5,3451.0,1562.0,111
26,0,0,79
26,44111.0,2261.0,79
26,30648.0,9959.0,79
26,0,0,79
26,25051.0,4082.0,79
26,0,0,79
26,6381.0,1493.0,79
26,0,0,79
26,67838.0,16468.0,79
26,347.0,78.0,79
26,0,0,79
14,44.0,16.0,79
26,20286.0,10621.0,75
26,0,0,79
26,0,0,79
5,0,0,79
8,0,0,25
23,0.0,0.0,101
15,0,0,111
12,13422.0,8286.0,79
5,27985.0,14563.0,39
26,0,0,79
26,0,0,79
24,19146.0,8256.0,23
16,0,0,54
4,0,0,75
26,95174.0,73640.0,79
26,682363.0,15048.0,79
26,1531.0,48.0,79
8,0,0,75
26,7389.0,2401.0,79
24,8952.0,1060.0,39
12,94.0,35.0,32
8,0,0,79
29,0,0,111
26,0,0,79
5,7440.0,4071.0,80
24,10481.0,2110.0,101
14,45413.0,20128.0,39
26,6857.0,2226.0,79
26,0,0,79
14,75667.0,5827.0,39
16,57240.0,15002.0,44
6,11549.0,8365.0,101
26,0,0,79
26,5844.0,2749.0,79
26,0,0,79
13,332278.0,8662.0,79
26,69424.0,35652.0,22
26,593.0,190.0,79
28,0,0,79
0,4416.0,2221.0,79
6,0,0,46
8,28415.0,5744.0,75
26,0,0,61
4,0,0,97
26,91716.0,8550.0,79
11,48.0,24.0,39
26,7538.0,2759.0,9
26,6503.0,2901.0,101
32,0,0,10
26,3420.0,2138.0,79
26,0,0,79
14,16593.0,7102.0,34
26,0,0,79
8,37664.0,30086.0,34
7,2319.0,1819.0,32
26,0,0,79
26,0,0,79
26,76564.0,3156.0,79
8,0,0,111
26,0,0,79
1,743.0,29.0,79
3,2569.0,565.0,74
26,26492.0,6610.0,64
8,0,0,26
27,32483.0,17695.0,23
26,0,0,79
13,0,0,79
26,1141.0,171.0,79
8,0,0,111
5,9923.0,9369.0,77
26,0,0,79
26,28.0,9.0,61
13,7709.0,1675.0,79
26,10962.0,3309.0,101
26,126.0,11.0,115
4,21.0,8.0,61
26,35145.0,5329.0,79
26,1696.0,568.0,79
26,0.0,0.0,79
1,1762.0,32.0,79
26,21263.0,1533.0,79
26,118354.0,9248.0,79
26,800.0,83.0,79
26,198153.0,155202.0,79
5,164.0,121.0,110
12,0,0,39
23,0,0,79
26,756803.0,112624.0,79
26,134532.0,61191.0,79
26,0,0,79
24,0,0,79
1,143.0,11.0,79
10,1118.0,434.0,79
39,16589.0,11987.0,39
3,112.0,101.0,75
26,0,0,79
18,0,0,97
4,0,0,79
8,85.0,40.0,101
26,0,0,79
8,0,0,10
26,0,0,79
8,3286.0,1504.0,79
8,18931.0,1532.0,101
26,0,0,79
26,0,0,79
26,88838.0,18555.0,89
6,0,0,87
26,0,0,51
26,223217.0,132834.0,79
19,85646.0,62674.0,101
26,0,0,79
8,10497.0,2690.0,111
26,22541.0,3764.0,79
26,0,0,79
26,23528.0,2880.0,79
5,33247.0,25505.0,101
13,0,0,79
26,4071.0,731.0,79
26,0,0,79
26,1111.0,413.0,79
26,0,0,79
9,2116.0,446.0,101
26,64821.0,8445.0,79
4,2442.0,1916.0,100
26,0,0,79
26,0,0,79
8,0,0,111
26,22417.0,19081.0,79
26,0,0,79
26,54099.0,10667.0,111
26,4668.0,3008.0,79
14,1230.0,619.0,101
23,0,0,79
26,12579.0,10944.0,34
16,1349.0,569.0,39
16,3781.0,883.0,39
26,4758.0,3628.0,79
32,0,0,79
26,160992.0,16481.0,79
26,54413.0,51361.0,79
26,55467.0,42686.0,79
3,36929.0,12808.0,63
23,0,0,79
26,83261.0,59476.0,79
5,10898.0,3314.0,65
26,28173.0,3622.0,61
26,482.0,144.0,36
26,141275.0,104904.0,79
26,102401.0,69803.0,79
26,0,0,79
26,2553.0,807.0,79
19,133949.0,35113.0,111
28,0,0,39
14,0,0,9
9,0,0,34
4,9856.0,4536.0,101
26,0,0,79
9,0,0,81
26,0,0,79
26,0,0,79
19,193.0,89.0,119
19,9169.0,956.0,36
23,0,0,79
27,0.0,0.0,31
26,0,0,79
0,21757.0,2718.0,99
8,0,0,34
26,30465.0,3233.0,111
14,10810.0,3285.0,63
26,273.0,97.0,79
8,0,0,111
26,0,0,79
23,0,0,79
26,152213.0,124147.0,79
8,0,0,79
26,33753.0,3662.0,79
26,0,0,79
32,0,0,79
26,116878.0,21887.0,79
26,12317.0,1292.0,79
4,156258.0,12860.0,111
37,0,0,101
26,0,0,79
8,7173.0,2710.0,44
26,56466.0,12218.0,79
26,29963.0,7080.0,79
26,10415.0,3573.0,23
23,0,0,79
26,632.0,37.0,79
8,0,0,115
26,0,0,79
26,0,0,79
26,0,0,79
8,2878.0,667.0,44
12,277.0,146.0,79
26,21026.0,14321.0,111
26,1666.0,183.0,79
8,0,0,54
26,0,0,79
26,0,0,79
26,0,0,79
1,501.0,21.0,79
26,140.0,66.0,79
12,128.0,36.0,101
18,20331.0,5396.0,66
26,544.0,177.0,79
26,60353.0,41718.0,79
26,153.0,17.0,79
26,0,0,79
7,0,0,94
10,59707.0,53718.0,101
1,274.0,16.0,79
4,0,0,79
26,35541.0,20233.0,101
14,3426.0,1592.0,116
8,513.0,267.0,18
26,0,0,79
26,27401.0,8566.0,101
26,541.0,130.0,79
26,0,0,79
26,7596.0,1523.0,79
12,5048.0,4901.0,80
26,21433.0,11362.0,79
24,36042.0,8219.0,101
26,2478.0,379.0,79
26,0,0,79
13,14410.0,4029.0,79
8,43436.0,8139.0,23
1,2135.0,1623.0,20
26,0,0,79
26,0,0,79
26,95756.0,74254.0,79
19,53885.0,2930.0,101
4,14066.0,8010.0,9
26,4396.0,1597.0,79
26,0,0,79
26,0,0,79
19,1018.0,711.0,107
23,0,0,79
26,11449.0,1917.0,79
26,781.0,113.0,79
26,0,0,79
26,0,0,79
9,4046.0,995.0,99
8,16079.0,2653.0,39
26,0,0,79
6,494.0,363.0,107
26,4550.0,978.0,79
21,2874.0,1629.0,61
26,94518.0,82846.0,79
5,0,0,18
26,0,0,79
26,1688.0,849.0,79
26,0,0,51
23,0,0,1
23,0,0,79
26,34.0,9.0,79
8,19341.0,1793.0,111
26,490.0,110.0,79
13,83723.0,53835.0,79
26,76225.0,31972.0,79
13,0,0,79
26,0,0,79
24,0,0,79
26,0.0,0.0,79
26,0,0,79
8,0,0,79
26,0,0,120
8,0,0,120
26,0,0,79
26,11958.0,1894.0,79
37,32454.0,22377.0,23
26,0,0,79
26,928.0,556.0,79
26,0,0,79
26,0,0,111
26,133589.0,22123.0,79
4,0,0,79
26,588.0,20.0,79
26,15001.0,3919.0,34
5,0,0,79
26,11332.0,8182.0,111
14,40519.0,19576.0,97
14,7357.0,3615.0,79
7,495577.0,48974.0,22
26,5659.0,4872.0,79
14,4958.0,2019.0,113
5,0,0,117
6,2888.0,2007.0,1
26,7474.0,2857.0,79
26,100189.0,25739.0,79
26,6248.0,1081.0,79
24,42.0,13.0,97
26,27666.0,14561.0,79
14,15994.0,8522.0,101
26,0,0,79
32,0,0,56
14,722.0,286.0,56
13,15264.0,3810.0,79
26,1528.0,1095.0,79
26,9044.0,2857.0,38
11,0,0,81
26,2114.0,364.0,79
26,5904.0,3890.0,111
26,78.0,15.0,79
23,0,0,81
26,466.0,208.0,79
26,30805.0,15840.0,79
26,0,0,79
23,0,0,79
26,0,0,79
26,0,0,39
22,0,0,97
28,0,0,79
26,0,0,81
8,7127.0,3751.0,23
26,0,0,9
26,16443.0,6208.0,44
5,4226.0,3906.0,44
8,0,0,79
26,4726.0,161.0,79
26,0,0,56
12,0,0,61
23,0,0,79
23,0,0,79
23,0,0,79
26,0,0,79
8,7650.0,5564.0,60
8,0,0,60
26,13365.0,4799.0,38
32,63390.0,55986.0,99
26,1314.0,202.0,79
8,0,0,39
9,0,0,119
12,4186.0,1215.0,61
26,1716.0,157.0,79
26,4942.0,882.0,79
26,5240.0,707.0,79
13,121552.0,59554.0,79
26,23142.0,4694.0,79
26,1555.0,547.0,79
26,0,0,79
26,0,0,79
28,0,0,79
11,2264.0,1291.0,79
13,542088.0,54608.0,79
26,1.0,2.0,79
18,4727.0,2437.0,56
26,171.0,120.0,79
26,0,0,79
26,18394.0,14784.0,79
18,338768.0,11369.0,101
26,5191.0,348.0,79
26,0,0,79
5,45238.0,8070.0,23
12,4900.0,2777.0,81
4,23924.0,3578.0,111
26,0,0,79
26,0,0,79
23,0,0,79
26,4378.0,192.0,79
26,100364.0,66410.0,111
13,32826.0,4341.0,101
26,23.0,5.0,79
26,0,0,79
26,0,0,79
26,20536.0,819.0,79
5,32535.0,7066.0,41
26,0,0,79
23,0,0,79
26,6582.0,503.0,79
26,6582.0,3882.0,79
26,0,0,79
26,0,0,78
26,0,0,79
26,6582.0,1099.0,79
26,0.0,20.0,79
12,0,0,39
26,0,0,47
15,0,0,79
26,24567.0,1750.0,101
5,0,0,95
26,0,0,79
26,24567.0,1504.0,79
26,27567.0,5288.0,39
8,362.0,95.0,39
14,41372.0,18714.0,101
12,106.0,17.0,14
26,0,0,79
26,0,0,79
26,0,0,79
14,1636.0,1160.0,34
26,0,0,79
26,0,0,79
4,1292.0,446.0,34
14,0,0,31
8,0,0,111
26,0,0,79
26,0,0,79
5,179080.0,31359.0,101
26,0,0,79
26,179080.0,4462.0,79
26,0,0,79
26,0,0,79
26,179080.0,3476.0,79
26,0,0,79
6,144.0,60.0,81
8,0,0,38
26,0,0,79
23,0,0,79
26,144.0,1648.0,101
24,144.0,16132.0,44
26,0,0,18
26,0,0,79
26,31476.0,7997.0,79
26,0,0,79
26,0,0,79
21,0,0,79
19,44938.0,9578.0,25
26,3528.0,2055.0,79
8,0,0,79
26,3496.0,650.0,79
26,30750.0,2169.0,79
9,1069.0,491.0,22
8,21620.0,13896.0,23
26,10046.0,3704.0,79
26,90311.0,69530.0,79
8,5.0,2.0,79
8,8559.0,1929.0,23
16,0,0,89
26,0,0,79
26,0,0,79
8,138.0,111.0,79
32,0,0,79
26,887.0,480.0,79
26,0,0,79
37,0,0,36
8,0,0,79
26,0,0,79
26,0,0,79
26,13095.0,1085.0,79
26,0,0,79
8,5541.0,2301.0,111
26,0,0,79
26,0,0,79
14,707.0,282.0,22
26,0,0,79
8,0,0,79
29,199651.0,121416.0,25
18,18678.0,1969.0,31
26,0,0,47
5,0,0,9
26,2313.0,2007.0,79
12,9399.0,4119.0,68
26,0,0,79
26,466.0,184.0,97
26,0,0,79
8,0,0,114
26,126615.0,8233.0,79
26,8768.0,1301.0,79
8,0,0,82
23,0,0,79
13,27238.0,3774.0,44
26,17972.0,4382.0,79
26,121634.0,36431.0,79
26,24755.0,5265.0,79
23,0,0,79
4,0,0,10
26,0,0,79
31,0,0,39
4,10480.0,4559.0,111
18,140986.0,9689.0,79
9,72699.0,55753.0,25
4,1003.0,702.0,97
26,17167.0,3283.0,79
26,34446.0,28311.0,79
26,9635.0,5821.0,79
26,0,0,79
26,0,0,79
26,0,0,87
26,4872.0,800.0,41
26,28652.0,1203.0,81
15,17653.0,12904.0,50
26,0,0,79
26,1595.0,1325.0,79
15,0,0,79
23,0,0,79
26,12514.0,10421.0,79
8,130.0,14.0,60
39,8298.0,5011.0,101
26,12505.0,7194.0,56
4,2005.0,645.0,63
5,0,0,120
8,0,0,111
26,0,0,79
26,0,0,79
5,2381.0,1646.0,111
8,0,0,18
24,73110.0,7083.0,111
2,2546.0,1002.0,81
26,34354.0,31580.0,79
26,0,0,79
26,10744.0,1548.0,79
8,2672.0,660.0,47
26,0,0,79
3,0,0,101
16,2925.0,465.0,101
13,0,0,79
26,244.0,148.0,34
8,0,0,111
26,6636.0,2029.0,79
26,5832.0,177.0,79
26,0,0,79
26,0,0,79
4,2985.0,831.0,111
4,10418.0,2048.0,39
26,0,0,79
26,0,0,79
26,0,0,79
26,22819.0,1173.0,79
26,302.0,88.0,79
23,0,0,79
23,0,0,79
26,1620.0,486.0,79
36,0,0,79
26,170866.0,16690.0,79
32,167723.0,22834.0,79
12,88178.0,18703.0,79
26,0,0,79
26,18.0,12.0,79
26,0,0,79
32,0,0,79
23,0,0,79
26,6231.0,3744.0,79
6,11348.0,1782.0,47
26,0,0,79
12,13680.0,1936.0,56
26,0,0,79
23,0,0,79
26,0,0,79
26,540.0,97.0,79
26,0,0,79
26,0,0,79
37,8847.0,7050.0,39
26,15596.0,11933.0,79
26,0,0,79
26,0,0,79
26,0,0,79
19,41058.0,24454.0,101
26,0,0,79
26,0,0,79
26,0,0,79
26,0,0,79
26,0,0,79
26,0,0,79
29,47867.0,12313.0,101
23,0,0,79
14,0,0,39
29,0,0,79
26,0,0,61
5,6092.0,1637.0,61
23,0,0,79
23,0,0,79
4,66045.0,12577.0,49
26,0,0,79
11,1777.0,811.0,111
26,179550.0,24105.0,25
26,0,0,79
26,70.0,25.0,79
26,9251.0,2262.0,111
26,0,0,79
27,1500114.0,173153.0,25
30,0,0,81
13,669.0,44.0,79
26,24217.0,6720.0,79
26,0.0,0.0,79
8,0.0,0.0,39
26,8619.0,716.0,79
26,0,0,79
31,0,0,75
26,10290.0,1033.0,79
26,0,0,79
26,770238.0,20887.0,79
38,0,0,36
26,0,0,79
18,0,0,18
26,56267.0,19596.0,79
26,0,0,79
26,10803.0,10632.0,79
26,25797.0,17738.0,79
26,0,0,41
16,40322.0,4429.0,79
16,50534.0,6895.0,39
26,5393.0,5027.0,79
26,122558.0,17795.0,77
23,0,0,79
16,151.0,18.0,39
26,54652.0,14605.0,79
12,0,0,61
26,0,0,79
26,0,0,79
26,5476.0,4277.0,79
26,217.0,43.0,79
26,10659.0,1401.0,79
12,18187.0,4871.0,79
14,4918.0,2314.0,63
23,0,0,79
8,4296.0,2774.0,1
33,8030.0,4498.0,63
26,49248.0,9586.0,101
26,0,0,79
4,11910.0,2866.0,111
8,0,0,94
33,0,0,79
8,0,0,120
9,0,0,9
8,285.0,119.0,77
4,0,0,79
8,183631.0,56028.0,81
26,5012.0,1404.0,79
26,74241.0,72880.0,79
26,21408.0,19958.0,79
26,2856.0,2114.0,79
26,651.0,606.0,79
26,0,0,79
26,0,0,79
29,13444.0,4137.0,63
27,0,0,23
8,179251.0,12031.0,111
26,0,0,79
26,0,0,79
9,25735.0,7511.0,10
26,1494.0,599.0,79
8,0,0,79
8,0,0,111
8,66032.0,3545.0,79
26,35691.0,11292.0,79
26,476.0,367.0,79
26,2664.0,1231.0,79
26,0,0,97
23,0,0,79
26,8945280.0,357881.0,79
8,356.0,56.0,79
8,789.0,133.0,10
8,0,0,79
26,611.0,97.0,79
26,1275.0,127.0,79
26,50854.0,34471.0,59
8,0,0,97
14,0,0,101
13,25501.0,2139.0,101
8,0,0,79
26,2734.0,1345.0,79
26,0,0,79
13,0,0,79
5,0,0,22
26,0,0,79
34,493.0,328.0,44
26,0,0,79
33,11389.0,4783.0,79
12,38225.0,20293.0,44
26,1255.0,953.0,79
26,0,0,79
26,116053.0,5542.0,79
26,0,0,79
22,0,0,86
26,0,0,79
26,0,0,79
26,2031.0,66.0,79
26,0,0,79
26,377.0,98.0,79
26,589.0,291.0,25
26,0,0,79
26,0,0,79
7,191217.0,13410.0,29
24,402.0,285.0,101
23,0,0,79
26,0,0,61
26,255.0,106.0,79
26,2409.0,263.0,97
26,114104.0,34892.0,79
26,0,0,79
26,33197.0,21616.0,44
26,26039.0,3541.0,79
26,0,0,79
26,0,0,79
4,0,0,79
9,0,0,16
8,0,0,34
8,0,0,111
33,0,0,22
26,22452.0,5107.0,101
26,0,0,79
26,2668.0,1004.0,79
8,0,0,45
4,76471.0,15012.0,111
26,3586.0,1798.0,22
37,0,0,39
8,0,0,79
19,0,0,111
11,25438.0,22731.0,80
4,9819.0,7348.0,41
5,6751.0,3851.0,39
26,65297.0,11855.0,23
26,60609.0,3781.0,79
26,0,0,23
26,0,0,79
26,0,0,79
26,6501.0,2829.0,79
26,54031.0,46790.0,79
26,0,0,79
23,0,0,79
26,0,0,79
28,0,0,79
26,0,0,79
26,0,0,79
26,0,0,79
26,0,0,79
23,0,0,79
8,0,0,111
5,75708.0,10229.0,79
26,0,0,79
8,0,0,81
26,184.0,9.0,79
7,1747.0,414.0,61
4,2590.0,1738.0,102
26,100873.0,60155.0,39
26,61927.0,51698.0,79
23,0,0,79
26,0,0,79
26,0,0,79
14,4932.0,2602.0,23
26,0,0,79
26,0,0,79
4,178395.0,109033.0,101
2,63365.0,6472.0,34
13,24291.0,2788.0,34
26,6453.0,853.0,79
8,0,0,111
26,0,0,111
26,31462.0,3018.0,79
26,633.0,109.0,79
26,0,0,79
12,4033.0,854.0,79
26,8276.0,2813.0,79
26,1352.0,415.0,79
26,0,0,79
8,0,0,34
26,0,0,79
26,5294.0,15710.0,79
26,0,0,79
23,0,0,79
26,90143.0,3530.0,79
14,51708.0,47718.0,79
26,9271.0,1647.0,79
4,1930.0,578.0,81
26,0,0,79
26,0,0,79
26,0,0,51
26,0,0,79
26,0,0,79
26,3641.0,902.0,79
26,92082.0,67285.0,79
27,2178.0,793.0,81
12,32903.0,12083.0,61
26,27783.0,1526.0,31
4,15057.0,410.0,101
26,18758.0,7159.0,79
8,0,0,111
23,0,0,79
26,392948.0,104627.0,79
26,123.0,79.0,31
9,0,0,111
8,4213.0,2664.0,79
26,0,0,79
37,3540.0,1622.0,80
8,0,0,10
8,0,0,111
26,0,0,79
26,33663.0,5333.0,79
4,63.0,27.0,22
19,0,0,42
34,0,0,111
26,114456.0,49285.0,79
32,0,0,101
26,56.0,11.0,79
26,0,0,79
26,0,0,79
14,9576.0,3534.0,56
26,93235.0,12667.0,79
8,0,0,79
14,21147.0,5358.0,38
26,0,0,79
4,0,0,18
26,0,0,79
26,0,0,79
14,14092.0,10469.0,10
28,0,0,79
9,18071.0,6049.0,99
5,1672.0,112.0,99
26,19.0,5.0,79
13,176128.0,43331.0,79
32,0,0,111
0,15821.0,2874.0,22
32,99112.0,14874.0,111
26,484.0,138.0,79
4,0,0,39
8,713.0,501.0,75
7,13654.0,2430.0,61
26,0,0,79
14,594.0,365.0,111
32,0,0,79
26,1440.0,488.0,79
26,6197.0,971.0,79
32,0,0,79
26,559.0,222.0,79
26,19934.0,1903.0,79
26,0,0,79
9,0.0,0.0,25
23,0,0,79
26,0,0,79
26,0,0,79
26,0,0,79
26,15031.0,7703.0,79
26,0,0,79
33,0,0,79
8,0,0,31
26,0,0,79
26,0,0,79
31,62152.0,12966.0,10
31,12676.0,6165.0,79
26,0,0,79
8,0,0,47
26,407.0,264.0,79
8,5721.0,2435.0,47
26,9768.0,2045.0,79
8,9768.0,921.0,47
26,22280.0,3441.0,38
26,65926.0,15973.0,79
35,2344.0,110.0,79
23,0,0,79
26,0,0,79
26,23834.0,13438.0,111
26,0,0,79
26,87.0,83.0,79
26,73111.0,63951.0,79
26,0,0,79
26,205.0,19.0,79
26,779.0,117.0,79
26,0,0,79
26,0,0,79
26,61241.0,52660.0,79
29,0,0,101
26,0,0,79
31,0,0,111
8,0,0,39
26,40138.0,1248.0,38
14,213483.0,24553.0,23
26,355.0,144.0,79
8,13637.0,3270.0,81
23,0,0,79
26,0,0,79
14,274.0,157.0,101
26,25541.0,959.0,61
26,0,0,111
29,64737.0,52027.0,101
26,0,0,39
26,0,0,79
8,0,0,79
8,19381.0,3109.0,100
16,405.0,101.0,101
8,0,0,18
26,19034.0,7932.0,79
26,830.0,627.0,79
26,0,0,79
26,14678.0,9582.0,44
23,0,0,79
26,37575.0,12116.0,111
26,15078.0,2158.0,79
26,11830.0,4802.0,79
26,360107.0,79280.0,79
26,0,0,79
26,95763.0,31300.0,79
37,6591.0,5013.0,68
23,0,0,111
26,33095.0,25650.0,79
0,850.0,151.0,44
26,0,0,79
8,0,0,31
8,0,0,79
27,0.0,0.0,75
37,0,0,79
26,11411.0,2730.0,79
26,9818.0,388.0,79
26,0,0,79
26,0,0,79
26,8716.0,991.0,79
8,0,0,34
8,0,0,79
31,0,0,79
26,12646.0,2368.0,34
26,0,0,79
26,8905.0,479.0,79
26,0,0,77
26,0,0,79
4,241360.0,79682.0,111
26,0,0,79
26,166098.0,17480.0,79
23,0,0,79
35,47504.0,5136.0,79
26,0,0,79
26,903.0,884.0,79
4,0,0,116
32,0,0,79
26,0,0,79
23,0,0,79
5,0,0,44
23,0,0,79
8,0,0,79
26,0,0,79
26,21.0,9.0,79
39,0,0,79
39,27962.0,1962.0,101
26,3316.0,636.0,79
26,10466.0,1286.0,79
26,0,0,79
26,0,0,61
26,1524.0,553.0,79
26,0,0,79
26,0,0,25
13,0.0,0.0,79
29,34240.0,5136.0,101
14,0,0,38
5,19246.0,16672.0,56
26,0,0,79
8,0,0,18
26,38.0,21.0,79
8,176.0,102.0,44
26,0,0,79
8,0,0,113
10,26147.0,14665.0,23
26,66764.0,7958.0,79
26,0,0,111
26,543.0,185.0,79
26,2868.0,297.0,101
26,0,0,79
26,4068.0,1741.0,67
4,0,0,61
17,0,0,79
13,13074.0,2495.0,79
26,0,0,79
26,628.0,157.0,79
26,12622.0,1336.0,79
26,55.0,3.0,79
26,106.0,20.0,79
7,696.0,544.0,79
26,193118.0,113835.0,79
8,0,0,31
23,0,0,79
26,64760.0,40575.0,111
26,0,0,79
5,0,0,79
26,0,0,79
33,18718.0,10434.0,18
32,0,0,79
29,24844.0,6848.0,39
13,2887.0,915.0,79
9,5640.0,3516.0,79
1,0,0,1
26,133845.0,54891.0,79
33,0,0,79
33,0,0,97
26,0.0,0.0,79
26,0,0,101
26,33004.0,7599.0,111
26,0,0,79
19,4941.0,15046.0,95
26,566.0,156.0,79
26,7934.0,5260.0,39
26,215860.0,77684.0,79
32,0,0,79
26,0,0,79
7,0,0,111
13,9734.0,8073.0,79
26,26329.0,12711.0,79
26,0,0,79
26,0,0,79
9,45244.0,7038.0,25
26,1805.0,53.0,79
8,0,0,22
26,0,0,79
13,0,0,79
26,6017.0,5052.0,79
26,0,0,79
13,28262.0,2538.0,79
37,1487.0,121.0,79
26,0,0,79
26,0,0,79
26,3747.0,1968.0,79
26,0,0,79
26,1982.0,607.0,63
26,17433.0,3198.0,1
26,0,0,79
19,106.0,64.0,39
26,463.0,285.0,79
26,0,0,79
18,88819.0,6317.0,49
12,1861.0,1450.0,51
26,0,0,79
26,81584.0,11153.0,102
26,0,0,79
26,7679.0,2758.0,79
8,0,0,44
26,13.0,7.0,79
14,150.0,149.0,21
14,0,0,23
0,16222.0,3471.0,115
26,0,0,79
13,7269.0,3971.0,79
14,290.0,239.0,78
4,805.0,770.0,41
26,0,0,79
33,8570.0,5007.0,23
8,0,0,79
3,1672.0,591.0,39
8,219388.0,5824.0,79
26,18292.0,7432.0,79
26,1362.0,454.0,79
23,0,0,79
26,31246.0,13166.0,79
5,0,0,39
26,50440.0,27117.0,79
5,0,0,95
9,0,0,79
5,0,0,48
8,0,0,51
26,0,0,79
30,1641.0,1514.0,13
26,0,0,51
26,53221.0,13971.0,79
26,292.0,107.0,39
12,4.0,5.0,80
26,0,0,79
26,4629.0,121.0,79
24,2311.0,1476.0,44
21,38933.0,4592.0,23
26,9710.0,3406.0,79
6,733.0,474.0,79
26,13.0,13.0,79
8,0,0,54
26,15727.0,3580.0,111
8,0,0,46
26,0,0,79
26,257.0,54.0,79
26,197.0,112.0,79
19,6069.0,2594.0,101
26,1830.0,200.0,23
14,0,0,94
8,0,0,52
28,0,0,79
26,998.0,51.0,97
26,0,0,79
4,0,0,111
13,0,0,79
33,44061.0,3992.0,111
33,48718.0,23042.0,56
26,16206.0,1619.0,79
6,0,0,36
6,0,0,39
26,152.0,29.0,79
35,256209.0,28639.0,79
8,0,0,6
26,11933.0,6502.0,101
26,238.0,24.0,79
26,1057.0,476.0,79
26,0,0,61
26,0,0,79
5,0,0,79
23,0,0,111
31,20892.0,20392.0,101
26,0,0,79
26,4.0,3.0,97
26,0,0,79
26,1685.0,742.0,79
5,90868.0,14605.0,22
26,0,0,79
4,172366.0,96741.0,101
26,11786.0,3202.0,31
4,19698.0,5483.0,25
8,559.0,152.0,111
26,2.0,2.0,79
0,9291.0,6265.0,38
1,1939.0,941.0,1
26,0,0,79
27,0,0,79
26,0,0,79
26,0,0,79
26,3105.0,997.0,107
12,0,0,79
26,0,0,79
26,551.0,25.0,79
26,0,0,79
6,0,0,18
8,0,0,111
26,270273.0,178741.0,79
26,0,0,79
26,0,0,79
33,790.0,434.0,101
26,0,0,79
26,0,0,79
26,0,0,79
26,1267.0,218.0,79
14,0,0,111
16,2629.0,1500.0,22
32,11359.0,2508.0,101
32,72.0,51.0,101
26,0,0,38
26,730.0,671.0,109
26,0,0,79
26,0,0,79
35,307.0,106.0,87
27,176.0,97.0,10
26,1076.0,84.0,79
26,0,0,79
26,274.0,17.0,79
14,46473.0,14739.0,23
3,0,0,91
26,0,0,79
23,0,0,79
26,13640.0,3576.0,79
26,45580.0,24770.0,75
23,0,0,79
26,0,0,79
26,6.0,3.0,79
7,0,0,79
28,0,0,79
33,0,0,79
8,0,0,33
26,13932.0,3099.0,79
26,0,0,79
26,0,0,79
26,0,0,79
26,4329.0,2442.0,79
8,0,0,23
33,162551.0,21346.0,39
25,6079.0,1294.0,67
26,0,0,79
8,0,0,54
26,0,0,79
26,0,0,79
26,1595.0,393.0,79
26,932.0,204.0,80
26,0,0,79
26,0,0,79
26,8217.0,5570.0,111
26,40148.0,3869.0,79
26,1531.0,842.0,22
26,50737.0,1353.0,79
28,0,0,79
26,1170.0,136.0,79
26,62415.0,50834.0,79
26,0,0,79
26,14465.0,3082.0,79
8,0,0,79
12,0.0,0.0,63
8,0,0,111
14,626.0,79.0,56
8,0,0,36
26,0,0,79
26,2407.0,638.0,29
26,0,0,79
26,21342.0,9594.0,79
26,0,0,79
15,6517.0,1040.0,10
26,0,0,79
26,2503.0,2090.0,79
26,26401.0,10308.0,97
26,4792.0,1473.0,79
26,13514.0,8464.0,79
8,0,0,119
8,0,0,111
26,764.0,298.0,79
26,0,0,79
26,1399.0,737.0,61
26,1961.0,143.0,61
8,0,0,39
26,10895.0,1161.0,79
26,92.0,22.0,79
26,0,0,79
26,135159.0,23093.0,79
18,0,0,61
26,25792.0,526.0,79
26,0,0,79
26,0,0,79
26,147847.0,107178.0,79
26,0,0,79
12,838.0,308.0,111
26,0,0,79
16,88531.0,24611.0,101
23,0,0,79
4,13766.0,5559.0,111
5,4161.0,325.0,111
26,0,0,79
26,227966.0,1078.0,79
24,9807.0,1650.0,61
26,6910.0,3674.0,79
26,0,0,79
5,303832.0,27248.0,39
4,18237.0,12365.0,39
26,30365.0,1075.0,79
8,0,0,111
26,1363.0,597.0,79
8,0,0,48
8,5664.0,1738.0,101
26,0,0,79
26,0,0,79
5,1300.0,444.0,101
8,0,0,111
11,397958.0,48314.0,79
26,0,0,79
16,6795.0,762.0,61
26,2638.0,1321.0,79
26,0,0,79
26,0,0,79
26,14132.0,4281.0,111
26,0,0,79
26,0,0,79
26,3049.0,546.0,79
30,0,0,81
26,27079.0,6098.0,79
14,110413.0,17574.0,51
26,0,0,79
26,0,0,79
26,0,0,79
26,0,0,105
8,0,0,97
26,9520.0,1632.0,49
26,0,0,39
8,0,0,79
26,432.0,157.0,79
8,64.0,11.0,99
26,85997.0,50638.0,79
26,0,0,79
26,0,0,25
30,0,0,39
26,0,0,79
37,0,0,111
9,0,0,22
37,0,0,79
4,611.0,234.0,10
26,0,0,79
26,42791.0,12223.0,50
26,5343.0,2028.0,79
26,2242.0,167.0,79
37,0,0,79
26,84776.0,17042.0,79
26,0,0,79
26,0,0,79
30,559.0,186.0,79
30,68821.0,8891.0,111
26,1665.0,340.0,79
26,896.0,114.0,79
26,165165.0,80593.0,79
26,0,0,79
26,0,0,79
26,0,0,115
6,154.0,86.0,39
10,23.0,9.0,79
26,5606.0,1841.0,79
36,0,0,101
5,0,0,22
37,0,0,23
4,0,0,80
26,15928.0,2284.0,111
7,0,0,79
26,3348.0,1101.0,79
26,81399.0,63071.0,79
26,1205140.0,63883.0,47
26,0,0,79
23,0,0,79
26,9106.0,1841.0,79
8,0,0,79
26,0,0,79
26,0,0,79
26,2.0,2.0,79
11,1914.0,803.0,36
26,54077.0,17121.0,79
8,0,0,64
23,0,0,79
26,0,0,79
13,111251.0,12719.0,79
26,0,0,79
37,0,0,39
23,0,0,79
26,0.0,0.0,79
33,1951.0,514.0,111
26,4630.0,1121.0,79
14,10341.0,1859.0,79
5,29955.0,20720.0,23
8,0,0,79
26,22030.0,10316.0,79
26,0,0,79
26,166391.0,81753.0,79
37,2862.0,520.0,108
26,0,0,81
8,713.0,562.0,79
38,6068.0,5141.0,56
26,2720.0,114.0,79
26,3856.0,754.0,79
23,0,0,79
26,0,0,79
26,3718.0,932.0,79
29,64987.0,5269.0,39
26,177086.0,40449.0,111
26,282.0,155.0,79
26,0,0,79
26,0,0,80
8,22977.0,2495.0,79
26,0,0,79
27,156859.0,8713.0,111
30,0,0,23
26,0,0,79
26,0,0,79
26,0,0,79
26,18859.0,2807.0,79
26,0,0,79
26,10206.0,2336.0,79
26,0,0,79
8,31.0,2.0,61
29,70840.0,1748.0,75
33,2359.0,402.0,47
23,0,0,79
10,5281.0,1860.0,61
26,53372.0,10960.0,79
8,0,0,79
26,0,0,79
13,6814.0,1370.0,101
26,0.0,0.0,79
8,0,0,79
23,0,0,115
26,9612.0,1674.0,79
12,0,0,79
26,0,0,79
26,680.0,99.0,79
8,0,0,9
34,691.0,599.0,108
24,8502.0,1828.0,111
8,0,0,111
18,119346.0,13544.0,79
26,0,0,79
26,0,0,79
14,15883.0,3517.0,75
7,117.0,104.0,39
26,35944.0,16720.0,79
6,0,0,51
34,4497.0,2042.0,101
8,0,0,79
23,0,0,79
8,41301.0,18449.0,101
26,11714.0,9794.0,81
8,0,0,79
8,0,0,111
0,0.0,0.0,79
26,0,0,79
26,64931.0,13809.0,79
32,55078.0,7095.0,111
26,2263.0,1090.0,79
5,0,0,18
8,0,0,31
30,19895.0,4345.0,101
30,10917.0,5478.0,61
26,186244.0,123297.0,79
26,0,0,79
26,309.0,164.0,79
30,2.0,3.0,61
26,10581.0,3032.0,39
32,14261.0,7989.0,25
8,3875.0,1900.0,73
26,977.0,177.0,79
26,0,0,79
26,8280.0,1628.0,79
8,11973.0,3728.0,47
0,8514.0,4417.0,35
26,0,0,79
14,0,0,79
8,0,0,87
26,0,0,115
11,6366.0,3014.0,101
8,3919.0,2936.0,111
5,0,0,44
26,0,0,79
26,0,0,39
12,283746.0,63759.0,111
26,12135.0,7663.0,75
26,5627.0,5065.0,97
14,249.0,129.0,81
26,91.0,12.0,79
8,3751.0,741.0,79
8,5.0,4.0,89
24,2638.0,760.0,108
26,13601.0,1245.0,79
8,0,0,79
33,0,0,111
26,0,0,79
26,8569.0,7818.0,79
23,0,0,79
26,0,0,79
31,0,0,38
30,18689.0,7801.0,41
26,41.0,15.0,79
8,0,0,79
26,0,0,79
26,4892.0,3339.0,89
5,275455.0,35903.0,31
26,4.0,3.0,79
12,0,0,79
6,0,0,119
8,23301.0,9223.0,87
26,29131.0,15277.0,97
26,0,0,79
26,0,0,79
26,0,0,79
26,0,0,79
23,0,0,79
26,0,0,79
26,0,0,79
26,0,0,79
26,0,0,79
26,6481.0,2060.0,23
26,104.0,30.0,79
26,149574.0,12332.0,79
26,7954.0,4541.0,79
26,0,0,79
26,0,0,79
10,126.0,64.0,51
26,0,0,39
4,38011.0,7589.0,111
19,13336.0,10993.0,47
15,0,0,44
26,0,0,79
26,1305.0,744.0,79
7,6544.0,3212.0,111
18,137.0,30.0,97
26,21403.0,5221.0,102
26,0,0,79
26,0,0,79
8,0,0,79
7,19913.0,789.0,79
26,5981.0,732.0,79
37,0,0,111
26,0,0,79
8,0,0,61
38,268.0,139.0,40
26,0,0,79
5,2612.0,1487.0,9
34,3745.0,1594.0,111
26,3984.0,2038.0,79
8,0,0,79
8,6250.0,1158.0,1
26,0,0,79
26,0,0,79
26,0,0,79
33,0,0,111
8,0,0,79
26,5047.0,1337.0,79
26,19080.0,4978.0,79
26,0,0,79
26,47321.0,28217.0,41
26,94473.0,51987.0,79
26,0,0,14
26,0,0,79
23,0,0,79
23,0,0,79
8,0,0,51
26,789.0,194.0,79
26,0,0,79
26,0,0,79
8,0,0,111
26,0,0,79
8,1976.0,1239.0,101
26,0,0,39
37,1450.0,400.0,65
26,0,0,79
26,0,0,79
26,0,0,79
13,0,0,79
18,0.0,0.0,14
8,0,0,79
26,0,0,79
4,0,0,79
26,0,0,79
23,0,0,79
5,1121.0,355.0,80
8,0,0,39
33,1046.0,40.0,79
26,67310.0,42041.0,29
26,7538.0,3824.0,56
26,17485.0,2867.0,79
26,0,0,79
26,9900.0,2689.0,79
26,0,0,79
26,0,0,79
23,0,0,79
18,9560.0,2385.0,97
12,0,0,56
26,80869.0,529588.0,79
26,29681.0,2207.0,79
24,32968.0,11079.0,111
26,32968.0,19.0,79
24,0,0,84
23,0,0,79
18,0,0,34
26,511.0,1086.0,79
23,0,0,79
4,1288.0,1257.0,79
9,0.0,0.0,39
9,6653.0,752.0,39
8,6653.0,22701.0,31
8,0,0,51
8,0,0,56
1,2211.0,286.0,10
6,3920.0,3216.0,56
26,22629.0,10722.0,79
26,0,0,79
8,5320.0,3919.0,7
8,0,0,9
26,5320.0,190.0,79
8,0,0,26
26,0,0,79
26,0,0,110
34,0,0,20
18,0,0,79
26,12460.0,1327.0,111
26,53329.0,32349.0,101
18,0,0,54
26,863.0,235.0,79
26,1525.0,252.0,79
26,0.0,0.0,79
15,0,0,79
26,13.0,6.0,79
26,272481.0,8105.0,79
26,280.0,105.0,105
8,17324.0,3397.0,81
26,389.0,147.0,79
26,103751.0,8158.0,79
26,596.0,47.0,79
26,0.0,0.0,79
8,0,0,18
5,0,0,82
26,0,0,79
26,0,0,111
31,0,0,111
26,0,0,79
5,114990.0,535.0,120
26,2883.0,497.0,79
26,0,0,79
26,0,0,79
29,43839.0,4545.0,39
26,17406.0,3489.0,79
26,0,0,79
27,0,0,120
26,5306.0,296.0,79
3,0,0,44
14,18273.0,3850.0,101
19,16471.0,3892.0,111
26,0,0,79
14,11068.0,4161.0,34
26,4083.0,1786.0,79
7,9030.0,3869.0,111
1,6168.0,336.0,79
3,48710.0,15833.0,95
26,0,0,79
8,0,0,22
26,31837.0,213.0,79
14,9260.0,7162.0,101
26,0,0,79
32,51073.0,4662.0,54
8,0,0,39
29,2027.0,119.0,111
26,0,0,79
26,30717.0,26270.0,79
26,6108.0,2802.0,79
26,38554.0,29886.0,79
5,0,0,7
26,95.0,47.0,79
26,4907.0,2413.0,111
14,8138.0,1714.0,61
32,0,0,79
26,0,0,79
26,198092.0,32215.0,79
26,133708.0,12972.0,79
4,35074.0,18143.0,111
8,40322.0,3731.0,111
8,0,0,111
26,994.0,298.0,111
5,14629.0,8124.0,56
8,0,0,78
26,0,0,79
26,59470.0,50039.0,79
26,106036.0,53973.0,79
26,12276.0,4379.0,10
8,12597.0,4403.0,79
26,0,0,79
12,13738.0,3051.0,36
3,0,0,111
7,342.0,34.0,105
3,0,0,111
23,0,0,79
19,0,0,41
5,0,0,10
3,23666.0,15674.0,29
26,17167.0,3036.0,79
26,303.0,94.0,79
26,303.0,0.0,79
14,0,0,101
8,0,0,86
14,908.0,901.0,101
14,908.0,40072.0,79
26,0,0,79
8,0,0,34
23,0,0,79
26,109758.0,12051.0,44
3,5046.0,4036.0,63
5,0,0,80
12,5046.0,8424.0,111
0,104228.0,13006.0,23
26,274567.0,42505.0,79
26,274567.0,8824.0,79
26,274567.0,19173.0,79
18,0,0,79
26,1589.0,225.0,51
26,177792.0,105449.0,79
26,0,0,79
26,104016.0,9625.0,79
4,0,0,105
26,0,0,79
26,5.0,6.0,79
8,27421.0,4153.0,97
14,22197.0,9936.0,79
26,986.0,264.0,79
18,6922.0,4070.0,97
26,0,0,79
33,24400.0,20972.0,34
26,85546.0,68328.0,79
12,0,0,22
8,3175.0,2257.0,79
26,0,0,79
8,3859.0,882.0,12
26,2264.0,764.0,79
26,69807.0,51395.0,79
23,0,0,79
8,0,0,10
26,0,0,79
8,0,0,39
5,0,0,39
26,2973.0,622.0,79
26,0,0,79
26,99628.0,88193.0,101
6,1041.0,915.0,39
26,402.0,118.0,79
23,0,0,79
26,7641.0,5618.0,111
26,99698.0,37178.0,79
26,80342.0,9093.0,79
14,5408.0,2162.0,23
26,2147.0,1386.0,79
26,0,0,79
1,254.0,20.0,79
24,38768.0,13776.0,75
33,0,0,34
5,6854.0,452.0,25
26,12153.0,7679.0,79
8,0,0,79
26,38262.0,7744.0,110
26,2812.0,354.0,79
26,0,0,79
37,10437.0,4771.0,101
26,86474.0,79966.0,79
26,0,0,79
26,117884.0,88582.0,79
26,13688.0,7307.0,79
26,0,0,79
23,0,0,79
12,2213.0,822.0,101
8,124.0,81.0,87
26,0,0,79
26,0,0,79
26,274.0,137.0,79
26,0,0,79
26,6186.0,3718.0,66
26,0,0,79
26,0,0,79
11,2853.0,627.0,49
26,3283.0,1127.0,79
26,0,0,79
23,0,0,79
27,0,0,79
16,25632.0,6899.0,34
8,0,0,79
26,2714.0,911.0,66
26,0,0,79
26,106505.0,17801.0,97
26,0,0,79
4,0,0,101
26,264491.0,229609.0,79
5,42017.0,6928.0,23
26,1100.0,476.0,79
26,103.0,34.0,79
26,0,0,79
26,0,0,79
26,60.0,21.0,79
4,0,0,101
8,0,0,96
15,27392.0,15661.0,97
26,0,0,79
26,8704.0,657.0,79
26,0,0,79
26,40277.0,4970.0,111
5,0,0,79
26,15924.0,4049.0,79
5,3289.0,1426.0,80
26,3362.0,1000.0,79
23,0,0,79
18,16675.0,4023.0,51
26,0,0,79
8,0,0,79
4,227.0,150.0,89
28,0,0,79
26,47592.0,4906.0,79
8,0,0,111
13,23745.0,3437.0,79
31,3915.0,852.0,87
8,0,0,111
37,9247.0,5441.0,22
23,0,0,79
26,0,0,79
26,121.0,44.0,56
14,25720.0,11312.0,34
26,587.0,276.0,79
26,1354.0,439.0,79
6,0,0,48
26,0,0,79
26,25500.0,20760.0,79
7,78915.0,65569.0,39
24,0,0,111
5,0,0,102
26,5925.0,1444.0,79
26,3246.0,2144.0,79
8,89665.0,17390.0,39
26,29622.0,14451.0,79
26,0,0,79
8,86.0,15.0,80
26,0,0,79
26,939.0,144.0,79
12,2722.0,777.0,39
26,0,0,79
34,0,0,78
26,16212.0,7809.0,79
26,11442.0,2179.0,102
26,0,0,79
26,0,0,79
27,5396.0,2887.0,111
14,652.0,105.0,40
12,17934.0,8757.0,54
7,0,0,79
26,0,0,56
26,0,0,79
5,3.0,2.0,39
26,18344.0,16948.0,21
8,0,0,111
35,1948.0,219.0,111
8,0,0,111
18,1441.0,1018.0,38
13,6126.0,4381.0,41
8,1332.0,383.0,79
26,0,0,79
32,1311.0,698.0,101
8,0,0,79
26,7048.0,500.0,79
14,0,0,31
39,9268.0,9064.0,31
26,9839.0,3477.0,56
4,1350.0,452.0,44
26,3455.0,894.0,79
26,0,0,79
26,0,0,79
26,1599.0,498.0,79
26,0,0,79
26,0,0,79
14,0,0,97
26,0,0,79
6,0,0,79
8,106440.0,3077.0,79
8,2962.0,1381.0,116
26,9744.0,3000.0,79
8,0,0,111
26,0,0,79
8,0,0,79
26,0,0,79
8,0,0,79
14,2023.0,1576.0,101
26,0,0,79
26,0,0,79
26,0,0,79
26,0,0,79
26,287.0,107.0,79
5,0,0,111
3,0,0,39
26,1241.0,232.0,79
26,39175.0,10972.0,22
23,0,0,79
26,5169.0,1944.0,79
31,161969.0,56896.0,44
36,1357436.0,65784.0,111
26,269836.0,35393.0,111
26,152085.0,18246.0,41
26,0,0,79
26,0,0,79
32,0,0,79
26,0,0,79
26,0,0,79
9,7856.0,4544.0,101
26,521781.0,434906.0,79
26,0,0,79
26,0,0,79
26,0,0,79
23,0,0,79
1,1022.0,17.0,79
26,2088.0,683.0,111
10,211.0,122.0,80
23,0,0,79
26,0,0,79
19,57331.0,33523.0,79
10,0,0,101
23,0,0,79
26,0,0,79
13,18969.0,3479.0,79
28,0,0,79
37,116.0,23.0,79
26,12025.0,611.0,79
26,30039.0,3328.0,102
26,3747.0,1742.0,1
26,0,0,79
26,0,0,79
8,14671.0,3419.0,79
26,0,0,79
26,0,0,79
8,173.0,9.0,79
26,158253.0,75329.0,79
26,0,0,79
26,0,0,79
26,29855.0,6379.0,79
26,0,0,79
26,1190768.0,28435.0,79
10,1636.0,1547.0,101
26,7646.0,5882.0,79
5,7646.0,1089.0,101
29,0,0,25
23,0,0,79
8,0,0,107
26,0,0,111
14,34090.0,967.0,97
14,14567.0,13556.0,101
26,322.0,98.0,79
12,1164.0,865.0,66
23,0,0,79
26,2536.0,268.0,79
12,1880.0,1122.0,80
26,6720.0,2440.0,79
26,28015.0,2863.0,79
26,2929.0,1449.0,79
26,68455.0,22202.0,79
8,0,0,79
26,0,0,79
8,2740.0,146.0,13
26,0,0,79
8,0,0,100
26,0,0,79
14,63519.0,22617.0,23
26,0,0,79
26,0,0,79
26,0,0,79
4,2265.0,1496.0,9
9,0,0,101
4,0,0,111
11,8336.0,5384.0,111
1,585.0,40.0,79
26,11602.0,4094.0,61
26,0,0,79
26,24575.0,6399.0,111
24,649.0,389.0,44
8,0,0,79
4,0,0,49
26,0,0,79
23,0,0,79
26,64132.0,4248.0,101
8,0,0,87
26,0,0,79
14,1233.0,398.0,10
26,1663.0,129.0,79
26,0,0,79
4,3556.0,1530.0,101
4,9925.0,4491.0,38
8,0,0,20
8,0,0,79
26,52.0,22.0,79
26,0,0,79
26,9966.0,4200.0,22
26,5571.0,677.0,79
5,0,0,101
4,0,0,111
38,686.0,73.0,105
9,90900.0,88418.0,56
26,18608.0,5148.0,79
26,16764.0,2113.0,79
10,0,0,18
10,1119.0,253.0,25
26,6653.0,5254.0,79
26,0,0,79
22,56616.0,9869.0,23
26,0,0,79
26,156954.0,16716.0,56
0,378.0,352.0,39
8,0,0,79
38,3185.0,1990.0,109
8,0,0,115
26,5644.0,2337.0,101
8,0,0,88
14,506956.0,56684.0,101
32,0,0,97
11,5951.0,3651.0,81
4,0,0,111
26,0,0,79
23,0,0,79
26,0,0,61
26,0,0,79
26,0,0,79
26,0,0,79
37,0,0,96
35,7189880.0,406319.0,79
26,477.0,64.0,79
32,0,0,111
8,0,0,111
26,954.0,522.0,79
8,387.0,177.0,111
8,4031.0,1009.0,105
18,8586.0,7149.0,102
4,69839.0,11201.0,75
24,11728.0,9534.0,28
23,0,0,76
26,0,0,79
26,0,0,79
3,0,0,25
26,44492.0,6573.0,61
26,37025.0,30741.0,79
39,2682.0,847.0,120
26,0,0,79
12,190970.0,26650.0,111
26,176.0,69.0,79
0,51.0,39.0,39
26,30001.0,4926.0,101
26,324.0,40.0,79
5,9595.0,3094.0,79
4,0.0,0.0,79
9,3283.0,780.0,23
26,1103.0,183.0,79
5,0,0,111
26,0,0,115
18,0,0,79
26,22819.0,14051.0,75
26,160.0,81.0,79
26,0,0,79
26,13923.0,12319.0,79
8,31.0,13.0,114
8,2255.0,642.0,114
26,959.0,97.0,79
26,490.0,33.0,79
26,65799.0,34590.0,79
26,989.0,647.0,79
26,5.0,3.0,79
9,0,0,79
26,233794.0,26708.0,111
26,3133.0,932.0,81
13,70.0,37.0,79
26,0,0,79
23,0,0,79
26,101370.0,7955.0,79
26,0,0,79
26,0,0,79
26,7.0,7.0,79
26,0,0,79
8,0,0,79
8,0,0,79
8,0,0,39
26,0,0,79
8,0,0,31
26,3965.0,446.0,79
26,0,0,79
26,0,0,79
26,844.0,284.0,79
26,0,0,79
26,0,0,79
8,72566.0,5342.0,39
26,67296.0,21309.0,79
26,9427.0,9339.0,79
4,4477.0,2125.0,39
13,618.0,49.0,101
33,0,0,36
18,45364.0,3893.0,47
26,0,0,79
26,0,0,79
34,3300.0,583.0,115
34,9297.0,4424.0,115
4,0,0,111
14,9054.0,4392.0,111
14,15971.0,6872.0,47
13,5794.0,670.0,115
14,1997.0,1682.0,44
23,0,0,56
26,16319.0,3683.0,79
26,1300.0,209.0,79
18,42501.0,4729.0,101
26,0,0,79
26,0,0,79
26,27.0,6.0,79
13,13140.0,11245.0,79
26,40398.0,4702.0,79
26,0,0,79
15,0,0,39
26,0,0,79
14,618.0,142.0,80
18,7966.0,597.0,101
7,2.0,3.0,79
24,2408.0,1383.0,44
26,0,0,79
26,1976.0,1804.0,79
26,0,0,56
4,0,0,61
38,5867.0,4651.0,101
38,5425.0,3149.0,116
26,17073.0,1712.0,79
3,2071.0,1622.0,34
26,0,0,79
5,9424.0,6737.0,101
26,70504.0,5331.0,79
14,1664.0,1377.0,23
26,0,0,79
26,2.0,1.0,79
10,11.0,9.0,18
13,15080.0,8030.0,23
5,140808.0,103859.0,111
26,0,0,79
14,8906.0,5531.0,101
5,0,0,80
5,3391.0,1010.0,47
26,14978.0,2561.0,39
23,0,0,79
26,0,0,79
26,265.0,145.0,79
26,13147.0,12452.0,79
38,32475.0,13293.0,1
38,4733.0,1571.0,47
27,29809.0,6796.0,23
26,2429.0,1402.0,23
14,23636.0,17928.0,23
26,0,0,79
8,148.0,65.0,97
26,12300.0,9957.0,79
12,217.0,68.0,46
26,0,0,79
26,5413.0,1621.0,79
26,0,0,79
18,2759.0,362.0,79
8,0,0,79
26,14067.0,3772.0,79
26,0,0,79
26,0,0,79
26,0,0,25
26,62263.0,17946.0,79
26,0,0,79
4,0,0,111
8,0,0,79
8,0,0,79
26,0,0,79
32,0,0,25
26,0,0,79
26,0,0,47
8,33883.0,3857.0,98
26,0,0,79
26,0,0,79
26,0,0,79
8,0,0,79
14,1772.0,183.0,18
26,0,0,79
5,48.0,23.0,107
26,0,0,79
26,63872.0,10001.0,79
26,2696.0,1409.0,101
15,15436.0,3645.0,79
12,4187.0,1834.0,107
26,19813.0,1302.0,79
18,0,0,97
35,9.0,5.0,79
26,51784.0,869.0,79
35,403942.0,24387.0,79
14,421.0,95.0,101
14,0,0,22
4,3644.0,2612.0,34
26,1505.0,647.0,79
8,0,0,61
26,0,0,79
26,0,0,79
30,7169.0,2521.0,61
26,1404.0,491.0,79
14,2291.0,744.0,101
26,0,0,79
26,0,0,79
26,0,0,76
26,55066.0,21752.0,115
26,0,0,79
23,0,0,79
26,0,0,79
26,0,0,79
26,0,0,79
26,1644.0,336.0,79
28,0,0,79
26,7195.0,1403.0,79
37,0,0,111
26,9944.0,6142.0,79
26,90182.0,69555.0,79
26,0,0,79
14,11028.0,6026.0,101
12,0,0,63
26,0,0,79
26,0,0,79
26,1094.0,537.0,79
4,25816.0,18708.0,39
26,0,0,79
14,67552.0,47259.0,1
0,57207.0,15154.0,23
32,0,0,79
26,988.0,48.0,79
26,0,0,79
26,357490.0,319042.0,22
18,31899.0,15093.0,25
26,0,0,79
26,1908.0,675.0,79
5,23831.0,14678.0,10
18,9200.0,2485.0,101
26,708.0,475.0,79
26,50558.0,24654.0,79
26,0,0,79
10,0,0,39
26,0,0,101
26,18905.0,9028.0,79
26,0,0,79
12,2856.0,379.0,34
26,0,0,61
5,0,0,31
18,31300.0,5384.0,101
14,1843.0,167.0,79
23,0,0,79
8,0,0,79
14,0,0,28
26,1525.0,986.0,79
26,3684.0,1077.0,79
26,44.0,12.0,79
26,58066.0,18598.0,79
18,28521.0,5414.0,31
26,0,0,79
26,3774.0,1336.0,79
26,0,0,79
26,3744.0,845.0,79
5,3051.0,424.0,101
26,0,0,79
26,0,0,79
26,73900.0,58719.0,79
37,0,0,100
26,43436.0,9635.0,79
34,103.0,6.0,107
8,0,0,31
23,0,0,79
8,0,0,79
26,0,0,79
26,18320.0,5777.0,79
26,4673.0,1392.0,97
26,2492.0,710.0,79
26,0,0,79
10,0.0,0.0,79
38,365.0,285.0,79
26,2108.0,114.0,79
26,53508.0,9920.0,97
26,0,0,79
26,103429.0,7534.0,79
26,0,0,79
26,19.0,11.0,79
26,29074.0,5938.0,79
26,0,0,79
26,0,0,79
26,8732.0,387.0,79
26,220.0,75.0,79
26,357.0,48.0,79
33,30120.0,10202.0,34
8,0,0,22
26,47647.0,9603.0,111
26,0,0,79
26,14197.0,3578.0,79
26,0,0,79
8,0,0,111
26,40952.0,29136.0,79
37,0,0,10
26,550.0,97.0,79
35,777822.0,64716.0,111
26,3909.0,3248.0,79
8,6781.0,1333.0,79
8,6019.0,1364.0,79
18,68167.0,40811.0,101
8,23196.0,269.0,79
5,0.0,22.0,44
26,0,0,79
5,383.0,177.0,0
8,0,0,51
8,0,0,31
26,0,0,79
26,120340.0,60832.0,79
26,0,0,44
26,4114.0,1471.0,79
26,13015.0,2900.0,79
15,38.0,13.0,56
3,3858.0,1666.0,23
26,0,0,79
26,76067.0,66759.0,79
26,99504.0,84598.0,79
26,0,0,79
26,0,0,79
26,41865.0,7162.0,61
23,0,0,79
26,0,0,79
26,0,0,79
8,0,0,39
26,1337.0,815.0,79
26,40473.0,4947.0,79
26,0,0,79
26,0,0,79
26,0,0,79
4,0,0,25
37,0,0,34
11,0,0,34
0,1604.0,324.0,75
26,1005.0,363.0,75
8,0,0,111
37,0,0,79
26,0,0,79
8,0,0,31
18,0,0,34
26,63215.0,49953.0,79
14,16261.0,4878.0,63
28,0,0,79
26,0,0,63
29,4007.0,2520.0,101
26,23170.0,3820.0,101
33,39346.0,28482.0,101
4,1591.0,388.0,81
37,29138.0,17572.0,79
26,0,0,79
26,8505.0,3233.0,79
26,0,0,79
15,0,0,36
26,0,0,79
5,2248.0,1975.0,79
26,0,0,63
26,24232.0,15703.0,21
26,43817.0,30066.0,79
26,3188.0,538.0,101
26,0,0,79
4,0,0,101
26,301.0,44.0,79
26,24317.0,1705.0,111
26,0,0,79
26,0,0,79
26,33492.0,3838.0,79
12,76775.0,7356.0,102
12,16181.0,4792.0,22
14,2079.0,379.0,21
8,0,0,36
5,101693.0,4179.0,81
12,3976.0,1784.0,111
8,0,0,120
8,0,0,111
24,28608.0,5014.0,101
12,4768.0,1611.0,102
26,13786.0,631.0,79
26,0,0,111
26,0,0,79
26,0,0,79
0,12165.0,8524.0,101
8,10871.0,6631.0,101
8,0,0,78
26,0,0,79
8,0,0,120
26,244.0,97.0,79
26,33244.0,3029.0,79
4,0,0,47
9,275.0,223.0,79
26,0,0,79
26,0,0,79
26,478793.0,21545.0,79
26,17908.0,4114.0,79
26,0,0,79
26,0,0,79
26,398.0,138.0,79
26,79722.0,7960.0,79
4,0,0,79
23,0,0,101
23,0,0,79
26,2471.0,345.0,79
32,0,0,25
26,34565.0,10792.0,79
26,26336.0,11280.0,79
7,0,0,49
26,20141.0,18634.0,79
26,12039.0,560.0,79
26,5367.0,631.0,79
12,25560.0,3698.0,36
26,8307.0,1854.0,101
26,133.0,13.0,79
14,0,0,79
8,0,0,79
26,20765.0,7384.0,79
11,203.0,76.0,39
26,10049.0,1372.0,101
26,0,0,79
26,0,0,79
26,0,0,79
26,0,0,79
5,0,0,38
26,6022.0,4924.0,79
38,3765.0,415.0,97
6,0,0,41
26,0,0,79
26,8952.0,667.0,79
26,12800.0,6666.0,79
23,0,0,79
18,0,0,44
26,16709.0,15403.0,79
26,0,0,79
26,0,0,18
26,0,0,79
5,18344.0,8363.0,101
26,0,0,79
27,116887.0,14092.0,101
26,53704.0,9343.0,79
15,0,0,79
12,4218.0,508.0,47
26,0,0,79
29,0,0,79
26,12823.0,1352.0,79
0,608.0,106.0,101
10,0,0,11
26,0,0,79
32,0,0,23
15,0,0,111
26,0,0,79
26,0,0,79
26,0,0,28
4,189247.0,16263.0,79
26,0,0,79
26,113775.0,39711.0,25
26,2219.0,260.0,79
26,100.0,16.0,79
8,0,0,111
26,0,0,79
8,0,0,79
5,9656.0,3849.0,15
14,0,0,95
26,7489.0,753.0,79
5,5793.0,1672.0,87
31,12089.0,971.0,79
26,0,0,79
12,19113.0,8680.0,111
26,0,0,79
26,16052.0,10931.0,111
14,1547.0,900.0,66
24,6511.0,5738.0,49
14,9857.0,1535.0,101
26,0,0,79
11,184026.0,50377.0,41
26,18523.0,3495.0,79
26,1666.0,304.0,79
26,2230.0,1062.0,116
26,2624204.0,45534.0,79
26,65843.0,9421.0,79
26,0,0,79
26,118687.0,95068.0,101
27,6534.0,5460.0,101
26,6194.0,5034.0,79
26,0,0,79
26,17641.0,12698.0,29
5,215.0,5.0,101
4,46902.0,21096.0,111
26,0,0,79
26,4225.0,995.0,79
8,0,0,59
11,44.0,7.0,39
26,1368.0,323.0,79
6,6577.0,2200.0,101
26,0,0,79
26,16133.0,2635.0,79
26,2134.0,510.0,79
26,36338.0,1183.0,101
38,16355.0,6948.0,23
8,0,0,51
26,146769.0,11220.0,79
15,3236.0,710.0,28
26,2134.0,510.0,79
26,0,0,111
26,0,0,79
26,278888.0,29810.0,79
26,5193.0,2993.0,79
26,0,0,79
5,41856.0,23425.0,101
26,0,0,79
26,1237.0,87.0,79
5,1828.0,236.0,28
26,0,0,79
4,0,0,79
27,685.0,141.0,89
12,0,0,22
5,0,0,114
0,0,0,19
26,2913.0,513.0,111
10,0,0,23
26,0,0,79
26,0,0,79
8,333.0,139.0,111
14,0,0,111
30,10.0,0,111
4,0,0,79
26,0,0,79
26,11866.0,0,79
7,0,0,79
26,9973.0,260.0,79
26,2365.0,1493.0,79
26,0,0,79
26,5.0,2.0,79
26,0,0,79
4,0,0,31
26,0,0,79
38,5972.0,4170.0,91
11,23926.0,5469.0,23
26,45710.0,1155.0,79
26,0,0,79
31,4689.0,1901.0,31
8,0,0,31
6,0,0,87
8,12517.0,1245.0,23
23,0,0,79
23,0,0,79
1,30568.0,4032.0,79
37,35.0,13.0,51
26,3844.0,527.0,79
26,0,0,79
10,1851.0,1733.0,77
14,0,0,38
38,139369.0,97813.0,101
26,1673.0,868.0,79
8,0,0,111
0,0,0,99
26,0,0,79
26,5024.0,818.0,79
14,0,0,39
8,12581.0,8338.0,34
26,0,0,79
26,90940.0,10322.0,101
26,0,0,79
27,15290.0,13832.0,101
14,11782.0,9177.0,119
26,796024.0,746672.0,79
14,71.0,22.0,61
26,27243.0,1642.0,79
4,0,0,39
37,5048.0,2885.0,101
32,151.0,11.0,34
8,65.0,44.0,79
26,0,0,79
12,0,0,107
26,0,0,79
26,0,0,79
8,0,0,38
26,199814.0,145440.0,79
26,14146.0,7866.0,79
8,0,0,79
5,0,0,9
26,54441.0,6180.0,39
26,2110.0,337.0,79
31,22375.0,16559.0,101
26,0,0,79
10,0,0,79
26,81.0,36.0,97
14,11083.0,1727.0,39
26,0,0,79
8,7655.0,3520.0,28
8,16504.0,11061.0,51
8,0,0,53
26,0,0,79
26,0,0,79
14,13204.0,2341.0,44
32,0,0,79
26,8430.0,4220.0,79
8,494.0,313.0,107
8,0,0,79
23,0,0,79
26,69.0,14.0,79
26,0,0,79
26,156.0,55.0,79
26,0,0,79
26,119437.0,17011.0,111
26,0,0,79
26,565884.0,188167.0,79
26,0,0,79
26,0,0,79
26,892.0,17.0,79
26,2571.0,687.0,79
26,0,0,79
14,194.0,154.0,67
4,33520.0,9526.0,101
26,0,0,79
23,0,0,79
26,2775.0,877.0,39
14,0.0,0.0,79
9,2446.0,167.0,84
32,0,0,79
33,0,0,79
26,32.0,12.0,79
14,10.0,6.0,34
26,0,0,79
26,391387.0,199186.0,79
26,52106.0,12839.0,79
26,27840.0,17215.0,101
26,0,0,79
26,35367.0,2183.0,25
26,624.0,76.0,79
26,23646.0,3488.0,79
26,475.0,416.0,79
27,16635.0,2244.0,56
8,0,0,79
9,0,0,38
13,0,0,79
15,73.0,34.0,53
8,0,0,79
26,10949.0,9098.0,79
26,9267.0,1806.0,79
37,0,0,119
26,0,0,79
24,17.0,7.0,97
26,0,0,79
8,0,0,79
13,50702.0,24017.0,79
28,0,0,79
26,0,0,79
28,0,0,79
28,0,0,79
23,0,0,79
23,0,0,83
3,61220.0,10092.0,101
26,0,0,79
26,0,0,79
26,0,0,79
8,0,0,120
28,0,0,79
26,0,0,79
18,0,0,120
9,22976.0,17852.0,79
8,0,0,36
14,40296.0,33210.0,34
8,0,0,38
26,0,0,79
8,0,0,87
28,0,0,79
26,5076.0,2475.0,79
14,0,0,111
8,0,0,10
6,0,0,39
26,0,0,79
26,1551.0,728.0,79
26,0,0,79
26,87378.0,60007.0,79
26,323.0,76.0,79
13,0,0,79
26,63.0,9.0,79
26,5122.0,1158.0,79
14,2503.0,1132.0,23
4,8024.0,3967.0,34
8,0,0,49
26,3250.0,1953.0,79
26,74562.0,14659.0,101
8,0,0,23
32,419987.0,33856.0,101
26,0,0,79
26,31576.0,10603.0,79
7,22646.0,2732.0,79
5,0,0,79
26,104280.0,86362.0,79
26,0,0,79
26,300.0,87.0,39
5,4961.0,1141.0,105
26,0,0,79
23,0,0,111
26,0,0,79
26,0,0,79
26,972.0,199.0,79
14,0,0,97
26,49922.0,42954.0,79
8,94880.0,8745.0,111
8,2530.0,378.0,111
26,16776.0,4829.0,23
19,0,0,39
26,0,0,79
26,168.0,34.0,39
23,0,0,79
